;log10DTref;zT
1;2.18646858385661;29.7668807668966
2;2.38589006623245;29.0194812475673
3;2.1967526907054;29.8620214717218
4;2.19336851084323;29.7527346252114
5;2.18736294710008;29.8369230180433
6;2.21112507462049;29.82047845774
7;2.39039845653034;28.4041778547005
8;2.23583283997008;29.7504028656104
9;2.14709185582252;30.2805904466864
10;2.09790158177313;31.0409087270788
11;2.18125264904121;29.6586949397808
12;2.17986106423208;29.7364705864996
13;2.1743121818395;29.3377273704075
14;2.23565078328017;29.4382249175355
15;2.29609800349028;28.0705574645134
16;2.24600221411646;28.9818482960676
17;2.27647659727636;29.0940077211627
18;2.24274352022115;29.2455761087401
19;2.15608453932162;29.900541524068
20;2.36916052223672;28.1615574904635
21;2.22389912631809;29.4529740641545
22;2.09353859962901;29.7043233558281
23;2.21732436053949;29.3616586694923
24;2.16790831789384;29.3952174494124
25;2.20490527240847;29.3201778202345
26;2.25660893335185;28.9753351646364
27;2.28008468483375;28.521502444034
28;2.28832963246079;28.5119137869214
29;2.20618519133202;29.1295779048721
30;2.21175008977425;29.4809848659251
31;2.18711686483824;29.4152305696683
32;2.17519828072417;29.8123079152747
33;2.23148786020705;29.6524561680599
34;2.14268936855467;30.3119575436142
35;2.24204567255646;28.9858058478519
36;2.12198136895911;29.7103005112631
37;2.22874749599352;29.3193208795164
38;2.22467022524638;29.3191968227822
39;2.13012773244673;29.7933625608167
40;2.2247939846241;28.7121882059929
41;2.24780008266665;29.6831937804894
42;2.18696353589056;29.3440180315691
43;2.20647009357801;29.2657389700965
44;2.24017511761114;29.1859959409695
45;2.21846858411418;29.2969994009906
46;2.17161115671548;29.9824687112405
47;2.21159436018252;29.6372940222614
48;2.24949921097685;29.2273012811545
49;2.34066722011113;28.7847775076771
50;2.19093502540155;29.4118801554277
51;2.24651261377106;29.3495331526779
52;2.33381508562726;28.6599538626421
53;2.24568212619391;29.4280420896149
54;2.17010972949892;30.6270273190057
55;2.18703358444305;29.5880503840191
56;2.30377081800854;28.9893053139731
57;2.25210765271327;28.9776582157579
58;2.28500866095769;29.2518312143602
59;2.22028683307157;29.0543099391993
60;2.29273762494394;29.0998199102659
61;2.22944514681984;28.7343736566705
62;2.15906825159742;29.3124849187133
63;2.26859286196697;29.257182704602
64;2.2068195635635;30.1240689119153
65;2.2472977805641;29.5414739256075
66;2.10544027623846;29.9613535094869
67;2.23197212265948;29.5886173423707
68;2.22335244523093;28.735316903931
69;2.1603076100692;28.801510642588
70;2.20646665329883;29.9401324174501
71;2.20395743697646;29.3681505525625
72;2.26095488226405;29.2496002708722
73;2.28572157760221;28.6672564816237
74;2.2516379348832;29.8767411289393
75;2.27003867024011;28.994363992
76;2.30491537252067;29.0717491881257
77;2.26095770542166;29.438976538965
78;2.26089531000195;29.3851469257229
79;2.2043873759698;29.746895765403
80;2.18952733179715;29.5046061631989
81;2.16293848013887;29.9071510763361
82;2.28466006605981;30.2113757470886
83;2.19039960350111;30.1728552124647
84;2.24704764637263;29.4264676139615
85;2.11659646008068;29.8411400515716
86;2.20605186236612;29.0354735942243
87;2.31786241061557;29.4961189648693
88;2.23278340805885;29.4432216338127
89;2.20449843655284;29.1381280389425
90;2.18050602152021;29.8549353727845
91;2.23283934986875;29.3807100697311
92;2.21264340823203;29.0017546083954
93;2.1683928603422;29.8496743835504
94;2.3142889520301;28.4901528530867
95;2.15316796983154;29.788639538699
96;2.32835806483742;29.1454062038553
97;2.26439772188268;29.2229004779119
98;2.11485349564745;30.7088441336636
99;2.24895352793189;29.5348006248717
100;2.1979815995851;30.597880547943
101;2.18496452513374;29.4303904475413
102;2.24372454432944;29.1104621985692
103;2.19664525015702;28.7553331286124
104;2.20318902204315;29.5926902095769
105;2.29130857218413;28.8463699940003
106;2.12264231374194;30.0370148347637
107;2.18518088683814;29.5367130955589
108;2.1972036454586;28.9648014488155
109;2.16679772622046;29.8154612952295
110;2.27058709151401;29.3388723990671
111;2.23762561131357;29.0821765483784
112;2.28411269840594;29.8292508605541
113;2.08013117962194;29.2619477792864
114;2.13386124922507;30.2138927941253
115;2.25979762163885;28.6312384344474
116;2.25018992852733;29.2363599107503
117;2.19170007860795;29.870187726334
118;2.20187416644002;29.4677554844109
119;2.22899892270929;29.0629183793833
120;2.07321413555951;29.9700406108996
121;2.26269552529188;29.2015073821925
122;2.22069169241778;29.5934987675646
123;2.15620059941261;30.6041094654062
124;2.16926308934974;29.7407678995765
125;2.23733165254824;29.32815902644
126;2.15498014459383;29.9081872565832
127;2.15818514392333;31.2885983500544
128;2.27629581332713;29.0153876881241
129;2.22625779464572;29.2439462510346
130;2.22511896697512;29.0744019759835
131;2.17982710696366;29.6385387527371
132;2.13644678827024;29.8216790944864
133;2.10306034827367;30.2521351759013
134;2.20212385062172;29.3918938462184
135;2.16714545779493;29.6417578207539
136;2.25906584155995;28.8996876758041
137;2.2691414965233;29.3034369328449
138;2.25828343466071;28.7509706258999
139;2.25887773531958;28.8270739833623
140;2.24611771193806;28.9881173649305
141;2.20587620107017;29.3275881145506
142;2.24096500280591;28.9316704093686
143;2.20242954970451;29.7307660389355
144;2.29166139829642;29.641886345326
145;2.22578766787869;29.6321135091746
146;2.13462034357695;29.9681390964161
147;2.27454259870265;29.2715083814172
148;2.17208836313747;29.8277512731588
149;2.19271650157251;29.2128858637004
150;2.20817533986393;29.3695942134987
151;2.20470808999703;29.4208306736898
152;2.18005569624023;29.5692302260947
153;2.3164485060269;28.3228681244026
154;2.19390781158886;29.3122369980009
155;2.24826224116747;28.7871560888876
156;2.17412618586374;29.3135545546544
157;2.29165574663021;29.6515858047613
158;2.27014949325363;28.4041151448444
159;2.19590147166872;29.3136217905502
160;2.15672086786973;29.1271915518234
161;2.2022776132894;28.9420497408572
162;2.19951162945059;29.5584940544073
163;2.09243523590211;30.3616958720741
164;2.22446772396206;29.6319834515627
165;2.28071408132332;29.1009090681343
166;2.31886484526166;28.6213014952441
167;2.18743988789501;28.9811037572279
168;2.25683420164236;29.6404316471503
169;2.16013964045003;29.9047759213688
170;2.25944858115585;28.886577174127
171;2.30356111308637;29.0101848573199
172;2.25481869693956;29.0406806464294
173;2.15012486085324;29.1427649266184
174;2.17697834222901;30.167105777247
175;2.20150678559672;29.5898104499607
176;2.20718314013844;29.5206882198909
177;2.10835377523553;30.4299490949822
178;2.21349458667309;29.1276387868669
179;2.25533568334376;29.4779378622353
180;2.22379543074103;29.3972905202488
181;2.18058537104261;29.3609176561643
182;2.13497771614964;29.7187788123901
183;2.24764283628403;29.299557687854
184;2.20867517276298;30.0635885051781
185;2.22519963229889;29.6126813374178
186;2.17124191443819;29.2700457546657
187;2.18419076976111;29.712917757707
188;2.21440292085915;29.4353783174498
189;2.24428929561662;28.9582600652599
190;2.2854448187978;29.2110258157273
191;2.29038910158716;29.0028516699793
192;2.29414531025102;29.0683628956831
193;2.21405286455086;29.252236597067
194;2.23707388807309;29.0760595154708
195;2.13789226629956;29.7741328422793
196;2.21361565999956;29.7757169398065
197;2.18945938200603;29.8252807252129
198;2.22535365359192;29.2594354727312
199;2.24682074251862;29.2076021892871
200;2.30827703594216;29.0376282465816
201;2.18324786375033;28.8806018816543
202;2.15754637272932;30.0275622996611
203;2.22091135224921;28.9113180585386
204;2.28197969009837;29.12459617741
205;2.27724661598644;28.5224566899602
206;2.15190740670032;29.4519007279041
207;2.13081689427825;29.5885878280599
208;2.2513753894322;29.4828488186227
209;2.20332869927939;29.2525524094962
210;2.12758479252823;29.4566327547423
211;2.1969265578205;29.2242203159046
212;2.17345973273928;29.3064675630887
213;2.26997956458935;29.0659145419454
214;2.30084741469437;29.3908614754992
215;2.15891035807545;29.6037170873784
216;2.23106850264312;29.2048788703323
217;2.2782549214363;28.4938778158394
218;2.3551192920738;28.7063617925088
219;2.16028012248508;29.6116724816518
220;2.19631816985003;29.7828726913957
221;2.17072927971412;29.5101703636277
222;2.20022672874043;29.2824118089264
223;2.13374904766826;30.652703770693
224;2.21665742189151;29.6856221303715
225;2.22590783310228;29.1157039177916
226;2.20768781490018;28.8256584981737
227;2.19465809740581;29.3342474872881
228;2.16824326942261;30.153219850135
229;2.24805687634061;29.5174974752537
230;2.28552121410735;28.6547624220634
231;2.12013612221951;29.8152632407069
232;2.21604596967134;28.9557414232082
233;2.19858829774077;30.1100023061084
234;2.26092150073191;29.0247185966587
235;2.25932325669996;29.4013742224512
236;2.23069734338107;29.1984418123637
237;2.18216476396248;29.1544376418846
238;2.17349261563335;29.6267990278802
239;2.29851104295481;28.6122867993263
240;2.40299149461604;28.301426164604
241;2.08637488666406;30.2701147627358
242;2.24863352565862;29.5793720982535
243;2.35014347691804;28.5748395425809
244;2.20616514272442;29.6986366889326
245;2.1511529754252;29.8178523007591
246;2.15279556034592;30.053913267065
247;2.15882912911633;29.6261027887845
248;2.15726955779941;29.8566634745296
249;2.34666712275737;28.6660486075475
250;2.13047223746659;29.5334381544861
251;2.301812387007;28.2084335031085
252;2.27579756522657;28.6798092311108
253;2.20592010759346;29.3852164424714
254;2.11601091102314;30.1784371234369
255;2.25934330868623;29.7595730857754
256;2.16895375449917;29.5616553557905
257;2.25873492699981;28.9732693314173
258;2.14513937537731;29.5188901676797
259;2.19912134310947;29.334566635919
260;2.28275777087205;28.8096908995796
261;2.17893111701392;29.5747407884868
262;2.30261231677583;29.4294469659043
263;2.1949184453777;29.7001197549823
264;2.09320071166419;30.0795627808348
265;2.22362233967139;28.9740198385817
266;2.29011942825505;28.6172648026686
267;2.22423319853409;29.3912947292458
268;2.32047382772016;28.3677876454005
269;2.26626737811333;29.2197300773021
270;2.09843252228573;29.9784284049414
271;2.31326035761899;28.6222279010183
272;2.26576409252491;28.9899748804892
273;2.20597221398547;28.9333498407764
274;2.23495790550066;29.5140449975358
275;2.17032218082096;29.1983797747222
276;2.11824894616036;30.5517205180566
277;2.18370499213149;29.8504333104726
278;2.15011545449201;29.4577707267741
279;2.24357388784807;29.3075938326508
280;2.35858925547927;28.0712959671372
281;2.16010015620192;29.9253294665885
282;2.21769127097107;29.2705153107831
283;2.22924553711931;29.2301669827093
284;2.14984535740033;29.6760033749895
285;2.15797375752631;29.6841922336493
286;2.23133968388818;29.5070516922521
287;2.24789173597503;29.1007351863752
288;2.17876794170304;29.8981823691459
289;2.26768857988598;28.9756822428815
290;2.19959526012476;29.4688500648277
291;2.25071320472984;28.9888117127137
292;2.15382044725529;29.8412878509769
293;2.20115030399154;30.3565545288145
294;2.2774455744782;29.1998177748898
295;2.17552401679173;29.3212624462724
296;2.22703159491464;29.5513268719283
297;2.22099812376957;28.9213063552746
298;2.18482405648083;29.9451926808587
299;2.20037140164176;29.1785068593655
300;2.25832710302719;29.1300994273546
301;2.27255947625815;28.8951485700359
302;2.21974506357183;29.2131038748351
303;2.207726018639;29.5982324680606
304;2.2037631835327;29.3248934417672
305;2.26353739988121;28.9857466314949
306;2.22836805579102;29.1696985006613
307;2.24834728983299;29.6238492650964
308;2.23640063858136;29.0050603629781
309;2.17933457829957;29.7680847186227
310;2.28804540133078;28.8419789710487
311;2.24441938884027;29.0211841080029
312;2.13197438307085;29.358857805721
313;2.3019496737078;28.8401855975627
314;2.20474369910725;30.0343377862501
315;2.15843249578615;30.4316124095209
316;2.15562577972223;29.6950583451111
317;2.26494453618412;28.8581553750115
318;2.27837349458778;29.0185202785042
319;2.32717112231922;28.4132006551697
320;2.25231447281627;29.1997790659425
321;2.06530587798171;31.0502421556844
322;2.12752261230815;30.0262922931073
323;2.27065638089925;29.0754788905353
324;2.25260887463317;29.2399007843245
325;2.12635958347631;29.9462163586237
326;2.31666300661807;29.0400359541719
327;2.21177069831686;29.5021326054053
328;2.17743147943076;29.3946526047195
329;2.23579360485883;29.240475490993
330;2.2539157901408;29.4303659425029
331;2.16789264757312;29.5460990329424
332;2.23887662143655;28.6658577709366
333;2.12120692825281;29.6127606933538
334;2.16806198044955;29.6646039522814
335;2.13259793885458;29.8065629925656
336;2.21248806806803;29.6959361150935
337;2.33631594553569;28.8280644067495
338;2.14765428039393;30.0167742382194
339;2.14986920583611;29.9333653094334
340;2.22514033370689;29.8488254757003
341;2.11642086404844;30.5974865603198
342;2.23429372978001;28.9858576672974
343;2.32555310493526;29.5799540142002
344;2.17842181271132;29.418614235513
345;2.22453124589268;29.5063493684638
346;2.20896145585906;28.8606550494112
347;2.20401890737145;29.560118101823
348;2.1655582886993;30.3314592966378
349;2.11070861059123;30.030996178635
350;2.35684036219622;28.1936828785802
351;2.15656672035829;30.3488041958369
352;2.220427003621;28.9382431832567
353;2.18284821936767;29.3643181122714
354;2.37470549763322;28.2014894378414
355;2.18649907311384;29.9488589691364
356;2.27033873612142;28.9451597860062
357;2.23433658396513;29.8224932839951
358;2.23826733666402;29.3525429309676
359;2.18978877166905;30.1275296197379
360;2.31264960032795;28.7910280199639
361;2.26784405547174;28.9763279765774
362;2.14954860860799;29.9968760653789
363;2.19691784236715;29.3468382910375
364;2.19510865363102;29.8742892245558
365;2.18980719307003;30.1235877546374
366;2.2116003822938;29.5261706565213
367;2.25954218882864;29.7093614536298
368;2.25856160554875;29.18366220542
369;2.20347212772754;29.5985108041297
370;2.12430144427843;29.7413539478138
371;2.29360281573963;28.8119292153106
372;2.2055117802687;29.1081344670652
373;2.24334835175465;29.1729697727866
374;2.18550767635186;30.0037935172358
375;2.10459832540773;29.9480374541579
376;2.23121936302131;29.2387507212768
377;2.30251230868758;29.064261387312
378;2.26894823552525;29.7462016998826
379;2.14449326207055;29.9583602744093
380;2.19988225989347;29.3057613338252
381;2.37270961882146;28.712430662006
382;2.2962044730624;28.4634280811744
383;2.16218482357177;29.9944550372476
384;2.26093648672681;29.0696559989831
385;2.19087633616992;30.4336217388837
386;2.18631718276162;29.4583950251253
387;2.20001109113784;29.8153846294956
388;2.2748057189982;29.0023041490186
389;2.14062580369867;30.0588732904633
390;2.12170170440365;30.0327118530538
391;2.18963334593397;29.768177731193
392;2.36065324938806;28.4430469348748
393;2.1857024515673;29.9375066671243
394;2.26686896498805;29.7364365644237
395;2.2085122324341;29.4598689205165
396;2.2675041740523;28.5706393795137
397;2.2165269053472;29.2806213673367
398;2.20500112922728;28.8118324392169
399;2.22719385566573;30.0168156887478
400;2.18403502078747;29.2801906343028
401;2.31471978859611;29.1832725794864
402;2.19904021928944;29.2224166286375
403;2.19912166748034;28.8513329981075
404;2.19569576310442;29.4970767681217
405;2.1901099095743;29.9134698481102
406;2.2492320742451;29.3369931193158
407;2.1405161276444;29.617689849492
408;2.20630583338692;29.8537080787632
409;2.17378889980688;30.4117381104201
410;2.24572949890895;29.3538163256482
411;2.14899647863939;29.2772441026915
412;2.22783337368401;29.776058090943
413;2.31860309696994;28.9924038542205
414;2.18748835427986;29.5136548648948
415;2.25858966628653;29.5760914225424
416;2.2573376489129;29.4270791109924
417;2.15814746417975;30.0377072569345
418;2.28226307598727;28.5493264681233
419;2.15901364032251;29.5704250998776
420;2.34007642636298;28.0785678988641
421;2.31691838093533;28.3129939861454
422;2.13265029788851;30.6535877888112
423;2.10436490510248;29.8312495717815
424;2.26866247338564;29.4249001168981
425;2.20929817624833;29.3666949658135
426;2.16689951337358;29.4079622202114
427;2.185596750245;30.4300366481951
428;2.38225485353599;28.2156699854225
429;2.21526151433099;29.909768487074
430;2.19782617189686;29.0755415248454
431;2.27070361697752;29.1288656477383
432;2.28997486869083;28.3854739609194
433;2.19071495755327;29.6538661367021
434;2.27282155658725;28.9982090662335
435;2.13108923936219;29.5063674826375
436;2.25612147609846;29.2283073631346
437;2.13391316051364;29.8114659091028
438;2.26187395661227;28.5463653164277
439;2.23907467514756;29.1152091536701
440;2.1288268650308;30.215551066256
441;2.18859037144453;29.5670456502048
442;2.17530117257487;30.0021200937432
443;2.33883193271838;28.964825109347
444;2.16381190217935;29.5601828674491
445;2.12713474633481;29.9619160720327
446;2.11167706778173;30.1223578563993
447;2.18291265936383;29.2954188080375
448;2.17285689745963;29.4015164818789
449;2.19026440205689;29.2257687767622
450;2.22188469022225;29.0573721653137
451;2.29683904199029;28.8683320698291
452;2.21531144599868;28.7205301293137
453;2.28496805399828;29.3594987381513
454;2.18171567306028;29.2047655397279
455;2.29695374752508;28.7735072379579
456;2.14715264022554;30.2182454483217
457;2.14722559775075;29.9628695586407
458;2.27218245481052;29.2320805676417
459;2.27599246440235;29.4545923676351
460;2.26731296009039;29.3073707089096
461;2.2349463131324;29.6282451977967
462;2.32846360410021;28.5300236170131
463;2.26604715391978;29.4252311788871
464;2.24659247771481;29.1316391940727
465;2.19424985924257;29.7739586501354
466;2.17553672138813;30.1321578455487
467;2.28410107379543;28.7254740317055
468;2.24558258773564;29.5481964640223
469;2.2501342131278;29.3155717550785
470;2.087763841856;30.607399912889
471;2.23891766425847;29.0538197433273
472;2.18111235028905;29.7525086000758
473;2.19408850237133;30.3137593399773
474;2.19323074291372;29.4931257584943
475;2.14666222325072;29.9326371662272
476;2.30143586593801;28.9626021767651
477;2.24668485726141;28.6912586820182
478;2.28098916078401;28.3611914452673
479;2.10463391164434;29.9831567605032
480;2.17602876229855;29.8318459712804
481;2.27129890992959;29.1257504122973
482;2.19673975406535;29.3868150507273
483;2.24545002743205;29.4589664682065
484;2.26005049256748;28.3450223597228
485;2.20064070404216;28.960525116403
486;2.32883515380679;28.723609436016
487;2.28912006702878;29.393056187241
488;2.28594269514363;29.5698537348377
489;2.14975135066297;29.3251101628283
490;2.2615730094343;29.2592420012559
491;2.15023013620916;29.3568430431296
492;2.32395102569507;28.4914422838743
493;2.2484341945304;29.1146810428957
494;2.15997914230113;29.6064416504116
495;2.20767298723691;29.2103234618766
496;2.12881212831903;29.079024916971
497;2.14658462236243;29.8505626321858
498;2.20962987645139;28.5120597351104
499;2.10980810411154;30.1060917163554
500;2.22772943035385;28.9648693583561
501;2.26025610035815;28.9251961280373
502;2.12093823079162;29.476082666069
503;2.13518886325364;29.6423516211881
504;2.28210740304645;29.1975763487012
505;2.19439260805816;29.0710666093844
506;2.21637670675237;29.9118238834439
507;2.13849801166;30.4375741486889
508;2.27043301884848;29.5671186990424
509;2.20995813462934;29.4054296889599
510;2.24790934901316;29.0568871036007
511;2.26727113512688;28.4197011442402
512;2.27769340784562;28.3191125241861
513;2.17067846368421;29.8498601845808
514;2.18853286004982;30.0072248936046
515;2.20648831393826;29.3228313095939
516;2.1949570784259;29.9969183638205
517;2.20774215244467;29.5855203120648
518;2.22606003437313;29.337441379686
519;2.16878024777783;29.9247669674126
520;2.27088394806438;28.6003192967053
521;2.26867871751339;29.3806596063805
522;2.26877656402094;29.2054453326362
523;2.21412949369916;29.4494136736749
524;2.21783341390351;29.1438922458663
525;2.23417188266015;28.8092004384684
526;2.20195936066377;29.8950133298428
527;2.22870461202535;28.6115838240809
528;2.21512066195295;29.0001507578878
529;2.08930297569358;30.2450862856382
530;2.26514081310468;28.73412043857
531;2.05929826046878;29.749842782919
532;2.27275338196721;29.2148001013343
533;2.23650285858333;28.9864438819884
534;2.32849466517299;28.8702281174157
535;2.26201182945707;29.1165832925348
536;2.1453013092857;29.8365758164762
537;2.22125842915717;29.6072414886596
538;2.15321586550074;29.5892213441937
539;2.08789388023826;29.9997003210903
540;2.33390622797649;28.2784215720444
541;2.21956252573102;29.6486537545859
542;2.13930889144911;30.2044026639801
543;2.19654898132559;29.2463268480688
544;2.18189453010369;29.0601893905166
545;2.36841407044984;29.2347379425575
546;2.16933930225084;29.8816580595868
547;2.22880087123247;29.0760445516007
548;2.29517515664612;29.2115485412335
549;2.17735552284752;29.3238614327902
550;2.19172861257424;30.5198194228324
551;2.15015503946729;30.3802510946407
552;2.21648129786816;29.4259811599553
553;2.28446551253022;29.0024460689039
554;2.09619548139977;30.65837665474
555;2.24161762243787;29.3591717915556
556;2.3333986975112;28.3698829966159
557;2.07840947448313;30.5111905255041
558;2.1592606395997;29.9713678778385
559;2.21380674249199;29.6681550753417
560;2.20766094391071;29.4854002937252
561;2.25348779100428;28.6824653902504
562;2.18171079743273;29.0962592764144
563;2.12463035759536;29.701080436089
564;2.17029584123966;30.0201987448352
565;2.36124928539466;28.756475964618
566;2.21795549719545;29.4592813494696
567;2.21616245222016;29.8418700346726
568;2.29984878710788;29.1232130316265
569;2.24060796871825;29.2521982511866
570;2.28510955403119;29.3951776106047
571;2.24782102740573;28.320514787727
572;2.15275412592672;29.8177900146954
573;2.21966019216081;28.8600088180996
574;2.07344520637771;29.9484012908141
575;2.16267972509495;30.3769993420027
576;2.29187653184016;29.0737472406625
577;2.23361747876804;29.6265990459559
578;2.13398954433941;30.3386708940151
579;2.31591294531181;28.6786954249966
580;2.32267281739883;29.1717005660632
581;2.15547727628487;29.855154855028
582;2.2105424270484;29.5049770464075
583;2.15641744328258;30.127334066787
584;2.26219300783737;29.1045759625423
585;2.18768682415901;29.4693598557268
586;2.22996739900112;29.6491322967758
587;2.2436855125098;28.7494359602706
588;2.15579678070052;30.2277648830868
589;2.25199286482406;29.3683942591428
590;2.31969492468867;28.8718380064178
591;2.24353673859762;29.156855336995
592;2.22081554748185;29.3543586100401
593;2.21856404548438;28.7621613342111
594;2.21327323697812;29.3231087197088
595;2.2144840305862;28.8719890675937
596;2.19766347229216;29.6390136248453
597;2.29504674019676;28.8809887286774
598;2.16738352629914;29.2314827316692
599;2.25782217093606;29.3775410029446
600;2.27351190032256;28.7169285005122
601;2.17489872586567;29.73509429264
602;2.211302659801;28.6704927900444
603;2.17550452915414;29.4915074106935
604;2.21974784404593;29.3601979749148
605;2.18407700773884;30.3225924228342
606;2.18017134507106;29.4587453329995
607;2.15335063810316;29.8587262421304
608;2.14531101968484;30.4502905043305
609;2.34703816265949;28.4992214153402
610;2.22763263587371;28.9429823588162
611;2.16782881680047;29.792142040834
612;2.17412182041756;29.2079812774201
613;2.15827185304117;29.7268474924145
614;2.25263798445942;29.5874232084854
615;2.17354585112594;29.214551995997
616;2.16377516760147;29.1753095225847
617;2.18452783487425;29.7861386798146
618;2.38950331989521;28.6978968520437
619;2.3733212663781;28.214419832119
620;2.11173547618862;30.696410901956
621;2.23401564714859;29.4611528443253
622;2.24582611636044;29.4393551540214
623;2.21271247481595;29.4505309336921
624;2.05280515459685;30.6413721530002
625;2.2156828775105;29.1027226050859
626;2.21291562286054;28.4634231051977
627;2.19983215329806;30.0422494321928
628;2.21769403996569;29.670843938506
629;2.25601466698687;29.552472465343
630;2.21041837213684;28.8775432637481
631;2.2792817791852;29.2037898709718
632;2.22912742289354;29.0754251875003
633;2.22685191567925;29.3676199293648
634;2.19106945845613;29.104843882581
635;2.18045404605059;29.4389970287625
636;2.09891816223301;29.7015267467816
637;2.28171564036699;29.5769302767861
638;2.19103274299147;30.3713783678939
639;2.25715949377581;29.0829542110072
640;2.19669090978442;29.4988749224452
641;2.2224398129227;29.759926147986
642;2.2022637779946;29.3588606359332
643;2.17588739622433;29.925698029765
644;2.31153017394174;29.150266325571
645;2.34991398435314;28.3879568236487
646;2.26301441840546;29.0850578887372
647;2.23820582081761;29.1177278605369
648;2.20576736359292;29.4270729516214
649;2.14767205787083;29.880356524411
650;2.22560970966735;29.5009902450041
651;2.34517108959333;29.2673673833086
652;2.24598523349053;29.0127449495228
653;2.16845044749839;30.0851825897473
654;2.20582870897939;29.4040126158849
655;2.24049669206557;29.11618917483
656;2.21115493560339;29.1986015445319
657;2.12410698541665;29.3723918822863
658;2.23523788743674;29.3988611009707
659;2.09436997606252;30.5385718146122
660;2.2150594434486;29.0731866352244
661;2.24808370819358;28.989996972874
662;2.29788655099133;29.3479897189121
663;2.16434162408118;29.9415313590421
664;2.19124050524361;29.7972197885362
665;2.16707907744548;29.6467093693256
666;2.1877177728237;28.8698438409202
667;2.1874164220915;29.2982790653008
668;2.19583866576565;29.0459148303211
669;2.16848465939416;29.8013400126452
670;2.21216091879831;29.011682044331
671;2.12051454835252;30.2241082845205
672;2.16529335670501;29.7509477210439
673;2.22700949348492;29.3233503437789
674;2.2207295261649;29.103990700308
675;2.20223840829302;29.5072248472613
676;2.18606423736919;29.2379169735278
677;2.15990794798809;29.6210569783471
678;2.25276380789332;29.3584113052409
679;2.18641152118683;29.9272440807122
680;2.25715632761474;28.992654529065
681;2.2866583595531;28.8454742245704
682;2.12273189345091;30.2869230469394
683;2.214746856358;30.0239720164611
684;2.24251712510224;30.1985858475922
685;2.17809884523665;29.8678454897518
686;2.22519040813355;29.4115430167726
687;2.29993764779723;29.1934048645484
688;2.13831381715519;29.9512010148171
689;2.11617816464845;30.5336831649361
690;2.1954446390753;29.5979557069804
691;2.16556696559169;29.6114968581757
692;2.18565446662142;29.4733989828367
693;2.16509630285189;29.4477841904032
694;2.18006265082061;29.8479976429931
695;2.2300892538757;29.599520149027
696;2.20872691556048;29.6160586418008
697;2.19687163703933;29.1520591827942
698;2.26001886533039;29.2639868532443
699;2.22473887923675;30.0463057277189
700;2.22134467449498;28.8736311618375
701;2.32630733593107;28.4414795390524
702;2.26187828758401;28.9407540485929
703;2.25346247647396;29.1193215130587
704;2.33291430239953;28.62360607561
705;2.18659170398028;29.849847449133
706;2.07626803752031;30.1977422168986
707;2.1736029332059;29.3077584389362
708;2.16366918828885;29.4588084934393
709;2.23341514542251;29.795689689422
710;2.22018775293224;29.3773662692363
711;2.09775925180777;29.7769948286639
712;2.17582415465004;29.8525304905961
713;2.36034883061749;29.0006729457072
714;2.19762163482848;29.8350171417194
715;2.12980065824658;29.6745184051696
716;2.20150707339132;29.9292793468616
717;2.20113972203149;29.1565345115465
718;2.22269062284268;29.8056995501178
719;2.18531469407263;29.259924882747
720;2.34475909155985;28.7758516584313
721;2.13186767821397;29.8791492032785
722;2.21571922360997;28.6332942958628
723;2.33723512324467;28.7121338878354
724;2.19803244604067;29.4132235077359
725;2.14968740832859;30.4462544090927
726;2.19699372756074;29.8701602985698
727;2.17534933793837;29.9607009679148
728;2.24882703278312;29.2540101896685
729;2.25395432709936;28.5030460564021
730;2.27899105964388;29.044412874456
731;2.24886218589686;29.5224203736055
732;2.27813417189996;29.3547676941031
733;2.19581909318371;29.4770518534011
734;2.24803221241605;29.5568320240616
735;2.25218356849121;29.1491917065797
736;2.06742026873531;30.359196432956
737;2.23710253080021;29.0209941409517
738;2.15818283402545;29.9056514385401
739;2.26152790345557;28.8354770096123
740;2.27246738292532;29.2694913491274
741;2.29717737863352;28.7188297955446
742;2.30075580537473;29.3414367346594
743;2.16145907880663;29.941072186284
744;2.13897190141317;30.4065785017729
745;2.19776235162059;29.6677836513928
746;2.28624342430233;29.0031091495486
747;2.30898748089008;28.7129602613708
748;2.15867085705728;29.5421167155018
749;2.22174514919258;29.7075149152718
750;2.20423371049885;29.3294919114879
751;2.2117233655377;29.7291931824832
752;2.04756291330716;30.2389805199512
753;2.17753948225432;29.8034701815849
754;2.17142615051094;29.1557631318236
755;2.24532311715358;29.3733420217552
756;2.22926100823827;29.2974288987547
757;2.23047112430329;29.2092116237084
758;2.14199435380053;29.6812093968762
759;2.15844349834856;29.6828698903677
760;2.1905857924551;29.8035262068125
761;2.2695364572159;28.5072122733553
762;2.22510394699124;29.7134465845556
763;2.24928634671893;29.2324279094755
764;2.13469006590663;31.4381374878841
765;2.25493221483365;29.2551299042993
766;2.178640624405;29.3292309902331
767;2.18241076335655;29.3188458575052
768;2.22824306007751;29.4146038589451
769;2.24689683516252;29.1795689681769
770;2.15213753299241;30.3638611420818
771;2.14832135505196;29.5653456538376
772;2.26025615613775;29.2926059914845
773;2.18512792091197;29.4238477867765
774;2.36941568582174;28.0039990673086
775;2.19867225253434;29.4830161088345
776;2.31408991925967;28.8699378427884
777;2.28731612781181;29.067659178745
778;2.08993192786061;30.049125084664
779;2.34212721142354;28.8080217160873
780;2.31708496145817;28.6283234954188
781;2.16728936727465;29.8424527109606
782;2.25294912067936;28.6473798521491
783;2.10387308920483;30.6929507232658
784;2.31980948631122;28.5344000528225
785;2.2861363020343;29.2208399648018
786;2.29209323641089;28.6934681781934
787;2.23945035688934;29.248065618996
788;2.28159248540641;29.1805317220747
789;2.24437577497383;29.0042263423677
790;2.0509254227283;30.5963334443237
791;2.2022497870101;29.1131321842566
792;2.22134232096488;28.7956354765879
793;2.24428898783541;28.9553220911145
794;2.15335874838008;29.1120879421383
795;2.22033785209511;29.6536004129941
796;2.2333987330436;29.3751101026702
797;2.19936617099455;29.9933508296221
798;2.24862540094878;29.4231007836156
799;2.28517990193485;29.1808621258951
800;2.20868286568459;29.7113580270159
801;2.31167044242923;28.7926005425499
802;2.11820051399418;29.6115409062576
803;2.1995520233155;28.9730225998238
804;2.18625232369076;29.8792494073145
805;2.24549494359697;29.0539722227611
806;2.19516199345958;29.6582542577606
807;2.16301542447132;29.6493413945447
808;2.25767752777985;29.396740358831
809;2.2872086520399;28.8313312758542
810;2.30106794753029;28.892153547461
811;2.22356579060658;29.8626889540327
812;2.22834390250084;28.9571973116987
813;2.27102211194286;28.6129938295007
814;2.25609893942557;29.3081759398539
815;2.16078879752869;29.9029791648854
816;2.16427441598785;29.3062410363687
817;2.26009049208435;29.2734965644643
818;2.34304625675637;28.6558470069127
819;2.26457366823173;29.3224958594443
820;2.13101559101184;29.7503650449166
821;2.14758187492987;30.5214163543874
822;2.16969798814292;29.4518462138742
823;2.19938777610048;29.5983898097728
824;2.18147485651727;29.9841926249011
825;2.2652853335473;29.5185198953841
826;2.23324218263684;29.2255601819894
827;2.33453313587675;29.0775686121528
828;2.20070823167727;29.4966483560892
829;2.41630644139732;28.4872598240466
830;2.21925001460382;29.5097681368364
831;2.13829539308433;30.0073440297361
832;2.23031584806275;29.0254888155689
833;2.21495021065643;29.0571439112999
834;2.20811595907487;29.9424995294657
835;2.23295422739093;28.9991362022734
836;2.14103297407297;29.5287461643107
837;2.12101924047177;29.5152971220413
838;2.35583158992947;28.1511458526665
839;2.33028651102178;28.6097841590034
840;2.16689815930309;30.5129183959428
841;2.27314093557071;29.3459382127221
842;2.20335964133048;29.3052941194848
843;2.22080892139134;29.5339383448984
844;2.22139802058008;29.1058421416008
845;2.17504639665007;29.9213459174101
846;2.20236088170382;29.2728626768373
847;2.16266256710673;29.6835128850259
848;2.08766859077455;29.9793068189676
849;2.28323996261012;28.0564971238976
850;2.17839880543221;29.715345357036
851;2.27426857465283;28.5069668806583
852;2.16448766154976;30.0844995678508
853;2.18230100036098;29.6909396542488
854;2.20707323647117;29.2975779113999
855;2.24217432362804;29.2573987234694
856;2.20445960464772;30.0835696672151
857;2.16300481486538;30.4714416220382
858;2.20322900269557;29.4070526833684
859;2.33905444576397;28.516114025941
860;2.22501421392397;29.6067316152151
861;2.31463989668641;28.792404003267
862;2.11976332864981;29.7182747368545
863;2.15848807176685;29.5123083982042
864;2.12314370835608;30.4880799875014
865;2.21709722220864;29.4822544501815
866;2.14228343146816;29.6405111401363
867;2.26884779905472;28.5869086794164
868;2.30500597377321;29.4232358823011
869;2.20557698382345;29.1142275711028
870;2.30499652739264;28.3440310538794
871;2.21708158539785;29.8781969693683
872;2.24666567643734;29.8567493562794
873;2.09587948369089;30.8330835157612
874;2.19549726701098;29.537679719447
875;2.16429460389391;29.3500892398425
876;2.13150719661019;29.8880470659853
877;2.19300179263016;30.1486349164231
878;2.08902918914165;29.8077242108428
879;2.2549060312925;29.6129777898498
880;2.30225493485732;28.7555568198484
881;2.38381346594454;28.6752466510179
882;2.11984465750856;30.5298165783264
883;2.1819662561572;29.329188388319
884;2.27303400439249;28.7163068616487
885;2.25232484896963;29.1551214164248
886;2.27165986838915;28.4006843407822
887;2.24408826039232;29.0522871970972
888;2.32418675712787;28.3945438417254
889;2.13035433164377;29.9549205384194
890;2.08919130864351;30.1269254325682
891;2.30065338857895;29.3044962181395
892;2.11757070411968;30.1793657229445
893;2.26714902946008;28.8560215976117
894;2.24626648064405;29.0913927154962
895;2.23470143849829;29.0695279279932
896;2.18370763443947;29.3438406679192
897;2.19193946381999;29.1899010152352
898;2.25015311150599;29.2990131311782
899;2.15416235760782;29.3473676611769
900;2.28514447868092;28.4176449446435
901;2.16305769322205;29.6435220871369
902;2.22834209675209;29.2045665413494
903;2.06842385958441;30.8837648061358
904;2.22793524341184;29.4755158056943
905;2.16123652849302;30.0323290018356
906;2.07266518262261;30.7069150423085
907;2.2514111819405;29.5637494758414
908;2.18185048321975;29.5792002199278
909;2.1986223862273;29.4882687492514
910;2.17910492305315;30.0901239474604
911;2.14619234497122;29.8226645278542
912;2.22062443331692;29.3552518532607
913;2.21772590154243;29.6819265749692
914;2.26094155965654;29.1023359711816
915;2.22337321296439;29.8263989786611
916;2.16689301706678;29.3691342530157
917;2.21750265793743;29.470194951861
918;2.28856134906042;29.4283370630848
919;2.31832966064412;28.9224573880653
920;2.21189313991972;29.3103021439772
921;2.17150421038962;30.4634842054044
922;2.21862677952469;29.4358025481843
923;2.2505843215037;28.8545322303406
924;2.20080465714293;29.4978767318011
925;2.20726597004629;29.2936176462039
926;2.16456435982085;29.4976762921014
927;2.20213923411533;29.0604128192155
928;2.12451885464947;30.5740808472524
929;2.15638876119094;29.9950820964146
930;2.27832476012998;28.7614675620274
931;2.25477432677275;29.0944099776319
932;2.18599110102413;29.3182549617389
933;2.24683040342478;29.5635452959248
934;2.06495738662488;29.7757758395094
935;2.21464173306923;29.2633271428884
936;2.18019630485584;29.2588774958842
937;2.29279302822466;29.3760829439715
938;2.2130474334278;29.4745202671113
939;2.14791069122036;29.7193595615345
940;2.26054925208588;29.4977239441665
941;2.2840162834027;29.1302171899314
942;2.24673204323647;29.2883047499086
943;2.25307424744799;29.3727308796352
944;2.14891416178867;29.8238919633304
945;2.17840144187779;29.715149907535
946;2.25800084906111;28.9372793367164
947;2.24085453579151;28.6717463596412
948;2.28721231854031;28.7447121769163
949;2.21100317520307;29.8817596664526
950;2.14290709791412;29.7874077710167
951;2.15146916421518;29.2845540717629
952;2.356288577061;28.0299286053508
953;2.17663825770361;29.3799065538948
954;2.15150274212807;29.6683773653278
955;2.30890030693225;28.8165375911106
956;2.17634473155912;28.9768393967925
957;2.02738584520432;30.3779879004533
958;2.29385676310871;28.5701079640832
959;2.20382573771817;29.2445656386379
960;2.2258160106963;29.2519949508818
961;2.33356472773173;29.1260442650602
962;2.17861798456615;29.6836486337526
963;2.2064974466644;29.1391168352531
964;2.29747147454036;28.9245829401723
965;2.24264636250062;29.584007326712
966;2.24495218373679;29.3954938753528
967;2.15283439695561;29.6283811081996
968;2.22337585038039;29.1535881136735
969;2.15419138457388;29.8529986372634
970;2.05845612712512;30.4940293772252
971;2.18039711505752;29.488704221045
972;2.28618398700223;28.8907952044731
973;2.14334756574207;30.1452675119528
974;2.25657579390071;29.5805545861068
975;2.23247786909105;29.581436176109
976;2.20659457655857;29.6934694132323
977;2.22463507647972;28.9369030683113
978;2.28899249003514;29.233781135634
979;2.15826787965102;29.8151684625643
980;2.23458376174467;29.2033264570671
981;2.14967776521687;30.1500713183864
982;2.24892480589997;28.9358848287608
983;2.27521573202479;28.901342284311
984;2.18629231555661;29.7088003990057
985;2.09048672484623;29.8780150714061
986;2.14327171458598;30.3556684886042
987;2.18674505371621;29.7812022470673
988;2.16534335582112;29.6616952459318
989;2.16848477133785;30.0303149118055
990;2.25347358118006;29.2230445660116
991;2.21176057161559;29.2073253847848
992;2.31683154540021;28.7006543149654
993;2.17560602452748;29.3764024873978
994;2.1611101045721;29.8829787938243
995;2.29896560273417;28.5774438440151
996;2.16896068986927;30.4559295801369
997;2.15084940521286;30.1545237659882
998;2.09521775336052;30.3225387295039
999;2.20114641714795;29.5426111986292
1000;2.17963962408672;29.6491122377937
