"","term","estimate"
"1","log10Dref",2.45261838974878
"2","zT",28.878020875331
"3","zRH",235.940154465321
"4","log10Dref",2.35739705996569
"5","zT",29.1041568903123
"6","zRH",176.301899064229
"7","log10Dref",2.49924025374841
"8","zT",28.5704728653381
"9","zRH",197.560453006457
"10","log10Dref",2.31042494024313
"11","zT",29.0860150512165
"12","zRH",280.788860796684
"13","log10Dref",2.40149591714884
"14","zT",28.6470412960289
"15","zRH",250.943031353923
"16","log10Dref",2.40524607709006
"17","zT",28.4742892028316
"18","zRH",195.446164408153
"19","log10Dref",2.37858462162222
"20","zT",28.4238980593688
"21","zRH",255.535216264624
"22","log10Dref",2.52348023402382
"23","zT",28.3182888412135
"24","zRH",187.094302322135
"25","log10Dref",2.28452710122164
"26","zT",29.3985644893918
"27","zRH",315.570321624577
"28","log10Dref",2.38244167300102
"29","zT",28.581789648533
"30","zRH",230.076455084769
"31","log10Dref",2.36953984611593
"32","zT",29.3782631980712
"33","zRH",202.78091421104
"34","log10Dref",2.39105390701893
"35","zT",28.3848912373561
"36","zRH",306.678966374193
"37","log10Dref",2.29575154729622
"38","zT",29.5493657853114
"39","zRH",222.320642752742
"40","log10Dref",2.40209949330147
"41","zT",27.8815366672123
"42","zRH",280.63658002425
"43","log10Dref",2.38954689355769
"44","zT",28.3049258051928
"45","zRH",271.332020050972
"46","log10Dref",2.42075526950714
"47","zT",28.9117640617768
"48","zRH",275.213857061276
"49","log10Dref",2.21023342448634
"50","zT",30.3033787992461
"51","zRH",397.538820136799
"52","log10Dref",2.49660612046713
"53","zT",28.2981845907982
"54","zRH",120.401569648287
"55","log10Dref",2.41874064590381
"56","zT",28.9504757162652
"57","zRH",179.725270817918
"58","log10Dref",2.38849842393725
"59","zT",28.2368167971168
"60","zRH",266.19985982808
"61","log10Dref",2.22668103113773
"62","zT",29.4964138223355
"63","zRH",421.500920380145
"64","log10Dref",2.33526012716306
"65","zT",29.2409153996278
"66","zRH",213.67892524485
"67","log10Dref",2.56899773999583
"68","zT",27.9555081117223
"69","zRH",160.130573530333
"70","log10Dref",2.37781525906277
"71","zT",29.4648222567646
"72","zRH",242.862432411573
"73","log10Dref",2.37338117410296
"74","zT",28.8187212125351
"75","zRH",349.396882864425
"76","log10Dref",2.40391412861364
"77","zT",28.6992604568815
"78","zRH",223.112646447051
"79","log10Dref",2.49430937019757
"80","zT",28.0899539761594
"81","zRH",158.239121320399
"82","log10Dref",2.33765362716637
"83","zT",28.7786107615568
"84","zRH",290.219733088738
"85","log10Dref",2.542456413933
"86","zT",28.2077892490652
"87","zRH",157.410347264355
"88","log10Dref",2.45838353425188
"89","zT",28.7512852056255
"90","zRH",236.993836572728
"91","log10Dref",2.52852719230605
"92","zT",28.2194249419452
"93","zRH",206.980574805304
"94","log10Dref",2.42170627207335
"95","zT",28.337075759453
"96","zRH",334.748261945463
"97","log10Dref",2.33231262353636
"98","zT",29.6620954506468
"99","zRH",226.659166879004
"100","log10Dref",2.34613606239859
"101","zT",28.7024023099705
"102","zRH",418.605259424714
"103","log10Dref",2.35078245141563
"104","zT",29.1311360839503
"105","zRH",287.526838237868
"106","log10Dref",2.33138106223945
"107","zT",28.7267914198032
"108","zRH",268.109600969684
"109","log10Dref",2.39820348422827
"110","zT",28.9857544970348
"111","zRH",273.050766217327
"112","log10Dref",2.35447194588438
"113","zT",29.2086597552661
"114","zRH",352.032133888959
"115","log10Dref",2.21676896327046
"116","zT",29.5434523164013
"117","zRH",449.816556236607
"118","log10Dref",2.35806879651011
"119","zT",29.1694584662923
"120","zRH",375.624123517633
"121","log10Dref",2.50777065926919
"122","zT",27.8301807802385
"123","zRH",229.27569035306
"124","log10Dref",2.49180374695468
"125","zT",28.3448546030389
"126","zRH",217.326021758987
"127","log10Dref",2.44364028620978
"128","zT",27.9096385078118
"129","zRH",231.624139303143
"130","log10Dref",2.26477295334418
"131","zT",30.9925210347521
"132","zRH",240.399005002938
"133","log10Dref",2.36362400264308
"134","zT",28.8382250444669
"135","zRH",232.718620750015
"136","log10Dref",2.30953774551438
"137","zT",29.5913514474362
"138","zRH",336.191146772937
"139","log10Dref",2.27553824199532
"140","zT",29.1999118847007
"141","zRH",260.606747371771
"142","log10Dref",2.40207146603088
"143","zT",28.6620963393507
"144","zRH",235.582343548811
"145","log10Dref",2.37019910261213
"146","zT",28.5404267068926
"147","zRH",228.357537252857
"148","log10Dref",2.33069538916641
"149","zT",29.3658579367186
"150","zRH",491.951852888705
"151","log10Dref",2.28062430788143
"152","zT",29.4701999799992
"153","zRH",259.130600203907
"154","log10Dref",2.33296455424669
"155","zT",28.8331098562648
"156","zRH",281.14809776344
"157","log10Dref",2.36162520689812
"158","zT",28.9578680490316
"159","zRH",217.214138915204
"160","log10Dref",2.42304097968522
"161","zT",28.569830589011
"162","zRH",175.286297075641
"163","log10Dref",2.24890396569932
"164","zT",29.7207434069837
"165","zRH",511.333092414941
"166","log10Dref",2.25706534406207
"167","zT",29.2256500669063
"168","zRH",576.8048617808
"169","log10Dref",2.43827524459819
"170","zT",28.587831913878
"171","zRH",206.376706592216
"172","log10Dref",2.30299567648871
"173","zT",29.2919652219997
"174","zRH",391.352891127247
"175","log10Dref",2.33545767521233
"176","zT",29.0072995054617
"177","zRH",282.515806555615
"178","log10Dref",2.32607444098559
"179","zT",29.2224899426685
"180","zRH",216.998731890361
"181","log10Dref",2.40392338065208
"182","zT",28.4136390941569
"183","zRH",189.614845955296
"184","log10Dref",2.35721407348134
"185","zT",28.9293491724284
"186","zRH",288.916344367892
"187","log10Dref",2.36711435761088
"188","zT",28.6899164743368
"189","zRH",355.488614300288
"190","log10Dref",2.47768606325309
"191","zT",28.2331290475844
"192","zRH",213.714552961234
"193","log10Dref",2.35890123966133
"194","zT",28.6161321961497
"195","zRH",261.562201554067
"196","log10Dref",2.3834426573123
"197","zT",28.5953367550824
"198","zRH",253.37652959776
"199","log10Dref",2.43486622779284
"200","zT",28.7505387476764
"201","zRH",210.48364979968
"202","log10Dref",2.3251502745113
"203","zT",29.6414787522888
"204","zRH",397.0362560652
"205","log10Dref",2.34104932109708
"206","zT",27.8579902275265
"207","zRH",425.356775934797
"208","log10Dref",2.36531884115792
"209","zT",28.8077117590473
"210","zRH",250.692184430899
"211","log10Dref",2.44132104948354
"212","zT",28.3395896774932
"213","zRH",185.572582751858
"214","log10Dref",2.28819630581639
"215","zT",29.4020903984563
"216","zRH",323.644799245499
"217","log10Dref",2.4564918980838
"218","zT",28.6223995509426
"219","zRH",246.647055585873
"220","log10Dref",2.37295377890802
"221","zT",28.3370883185292
"222","zRH",211.736922419531
"223","log10Dref",2.45316508675278
"224","zT",28.609275585584
"225","zRH",193.340227846713
"226","log10Dref",2.2458508988757
"227","zT",29.0602920206834
"228","zRH",372.198771163037
"229","log10Dref",2.47701089426863
"230","zT",28.5288487801941
"231","zRH",191.835256834341
"232","log10Dref",2.343983715817
"233","zT",29.1031650871323
"234","zRH",299.996885357567
"235","log10Dref",2.34341691620588
"236","zT",28.8261321492772
"237","zRH",283.351950569442
"238","log10Dref",2.39997791182067
"239","zT",28.9014580889815
"240","zRH",192.321708266007
"241","log10Dref",2.34536710741019
"242","zT",29.4951951091845
"243","zRH",411.436314826892
"244","log10Dref",2.41597902238666
"245","zT",28.2652554962525
"246","zRH",448.557444174025
"247","log10Dref",2.39190109588997
"248","zT",29.3861327422862
"249","zRH",240.593387267579
"250","log10Dref",2.39109887094546
"251","zT",28.9762141827588
"252","zRH",189.076096126793
"253","log10Dref",2.35455908151519
"254","zT",29.80630198432
"255","zRH",214.718467816976
"256","log10Dref",2.43867978294486
"257","zT",28.38642968765
"258","zRH",228.429225614661
"259","log10Dref",2.43579848138131
"260","zT",28.1762303428771
"261","zRH",168.783940337271
"262","log10Dref",2.35830655197993
"263","zT",28.9809733036492
"264","zRH",264.64257640193
"265","log10Dref",2.35904401490244
"266","zT",28.4165941491557
"267","zRH",330.920280182156
"268","log10Dref",2.1943249178671
"269","zT",29.6988727260884
"270","zRH",298.054096512031
"271","log10Dref",2.49162189219838
"272","zT",29.0169688281348
"273","zRH",126.514995761571
"274","log10Dref",2.38190756587688
"275","zT",27.9044502139887
"276","zRH",207.936370411644
"277","log10Dref",2.44458725207434
"278","zT",28.0553415827421
"279","zRH",219.093784107729
"280","log10Dref",2.25673255616238
"281","zT",28.9773969219695
"282","zRH",284.080796859011
"283","log10Dref",2.19227260268516
"284","zT",29.3935700868134
"285","zRH",897.557996196504
"286","log10Dref",2.36493095643415
"287","zT",28.3112690325661
"288","zRH",365.929834633439
"289","log10Dref",2.43191528130026
"290","zT",28.3656543115033
"291","zRH",256.443153601565
"292","log10Dref",2.34225763989309
"293","zT",29.2781016831225
"294","zRH",356.641519215665
"295","log10Dref",2.55291560567972
"296","zT",28.5391198242213
"297","zRH",189.482222946768
"298","log10Dref",2.45796799434195
"299","zT",28.8933882613564
"300","zRH",187.371537618292
"301","log10Dref",2.32837989622505
"302","zT",28.8843725921386
"303","zRH",471.412307821558
"304","log10Dref",2.38180470689178
"305","zT",28.6639317954771
"306","zRH",251.065221596875
"307","log10Dref",2.31499474976776
"308","zT",29.9609326685076
"309","zRH",261.02952205468
"310","log10Dref",2.3146476813511
"311","zT",29.298598802308
"312","zRH",427.34428377464
"313","log10Dref",2.33224966557522
"314","zT",28.7436972591466
"315","zRH",500.383749923811
"316","log10Dref",2.11717762178484
"317","zT",29.8107215506814
"318","zRH",1214.85289875876
"319","log10Dref",2.41779752150595
"320","zT",28.9406223703946
"321","zRH",241.131998674207
"322","log10Dref",2.32944653883692
"323","zT",28.7565682276261
"324","zRH",580.370126113396
"325","log10Dref",2.41698736472967
"326","zT",29.0521539811632
"327","zRH",192.466926983465
"328","log10Dref",2.34005710999988
"329","zT",29.2924865533493
"330","zRH",278.97277062727
"331","log10Dref",2.32886964456339
"332","zT",28.8334974449033
"333","zRH",264.598416952341
"334","log10Dref",2.43693034144281
"335","zT",28.4914536056637
"336","zRH",195.664481071752
"337","log10Dref",2.44893552500844
"338","zT",28.1758332980127
"339","zRH",233.939341813159
"340","log10Dref",2.42704051716234
"341","zT",29.1058583754543
"342","zRH",196.620068075405
"343","log10Dref",2.33291810546658
"344","zT",29.1734567068291
"345","zRH",198.863716038523
"346","log10Dref",2.29255516860764
"347","zT",28.6400390460999
"348","zRH",637.052073596507
"349","log10Dref",2.39099646814275
"350","zT",28.2492225112037
"351","zRH",261.112720727955
"352","log10Dref",2.46205320803644
"353","zT",27.999567261417
"354","zRH",214.114896870706
"355","log10Dref",2.32472593410488
"356","zT",29.3947904648391
"357","zRH",263.635225981669
"358","log10Dref",2.43170536536308
"359","zT",28.6619299824765
"360","zRH",209.290214682535
"361","log10Dref",2.26113422382321
"362","zT",30.1825543069132
"363","zRH",237.337198975962
"364","log10Dref",2.29002604328554
"365","zT",28.2762652781653
"366","zRH",518.619924544974
"367","log10Dref",2.31627320739918
"368","zT",29.5533381322422
"369","zRH",207.611904372121
"370","log10Dref",2.18433062195215
"371","zT",29.7889896107315
"372","zRH",372.270178133246
"373","log10Dref",2.35461593016728
"374","zT",28.4321400682156
"375","zRH",288.792258504121
"376","log10Dref",2.48574837668487
"377","zT",27.863728997961
"378","zRH",288.287767128036
"379","log10Dref",2.47817278738403
"380","zT",28.8251590486099
"381","zRH",149.145769157207
"382","log10Dref",2.34398745746117
"383","zT",28.958343772714
"384","zRH",337.992621631064
"385","log10Dref",2.37383939546937
"386","zT",29.568519063608
"387","zRH",261.485570735312
"388","log10Dref",2.44228565989101
"389","zT",28.7323826838998
"390","zRH",179.071742577908
"391","log10Dref",2.16614030404343
"392","zT",30.251399182648
"393","zRH",1039.18541943059
"394","log10Dref",2.37514830585174
"395","zT",28.872961653439
"396","zRH",182.196957062913
"397","log10Dref",2.40988940491106
"398","zT",28.0547503960801
"399","zRH",321.353198715591
"400","log10Dref",2.12042008668923
"401","zT",29.6887656574805
"402","zRH",950.2351868119
"403","log10Dref",2.29469344299788
"404","zT",29.094966132972
"405","zRH",400.645376160924
"406","log10Dref",2.41063996349343
"407","zT",28.2730744524063
"408","zRH",170.093349404017
"409","log10Dref",2.32095526880146
"410","zT",28.850092756645
"411","zRH",245.64054689261
"412","log10Dref",2.40157890072233
"413","zT",29.4076325115063
"414","zRH",245.423204109763
"415","log10Dref",2.52941676432904
"416","zT",28.3103635864198
"417","zRH",164.168497879617
"418","log10Dref",2.38744457869499
"419","zT",28.7086965637341
"420","zRH",214.562912897873
"421","log10Dref",2.48891038916562
"422","zT",27.7568444900218
"423","zRH",231.61123920005
"424","log10Dref",2.23216206660522
"425","zT",30.8759566026768
"426","zRH",227.85216420621
"427","log10Dref",2.30883616977656
"428","zT",29.2956849903478
"429","zRH",316.7223631848
"430","log10Dref",2.38510888481921
"431","zT",29.2848565164494
"432","zRH",280.090249157654
"433","log10Dref",2.41808580726997
"434","zT",27.9457195655412
"435","zRH",303.228644664201
"436","log10Dref",2.4346255765398
"437","zT",28.2516878813981
"438","zRH",411.165842420101
"439","log10Dref",2.49071093138471
"440","zT",28.3569133770815
"441","zRH",173.73175092918
"442","log10Dref",2.61831727116125
"443","zT",27.9645667228261
"444","zRH",183.714047181358
"445","log10Dref",2.27721465975258
"446","zT",29.3293613569379
"447","zRH",348.890764033317
"448","log10Dref",2.48854681050851
"449","zT",27.9955804302627
"450","zRH",130.733452363927
"451","log10Dref",2.481736310615
"452","zT",28.0417260296673
"453","zRH",159.520508403647
"454","log10Dref",2.42305466986067
"455","zT",28.8870762125401
"456","zRH",245.178030964289
"457","log10Dref",2.38330959282728
"458","zT",29.054009938908
"459","zRH",141.708686274099
"460","log10Dref",2.43490258696989
"461","zT",28.5214192378571
"462","zRH",193.633454039329
"463","log10Dref",2.30905421239593
"464","zT",29.3310926714637
"465","zRH",310.613613710911
"466","log10Dref",2.59704549459916
"467","zT",27.6844442335948
"468","zRH",166.258967987198
"469","log10Dref",2.38670878423512
"470","zT",28.7179867336719
"471","zRH",266.646814269616
"472","log10Dref",2.35351741218029
"473","zT",29.189190714352
"474","zRH",266.449564636712
"475","log10Dref",2.45721067179605
"476","zT",28.3293913905733
"477","zRH",195.452263054161
"478","log10Dref",2.41272094783525
"479","zT",29.0498257894944
"480","zRH",191.903540645305
"481","log10Dref",2.33003993620616
"482","zT",29.3120723212263
"483","zRH",281.569138147779
"484","log10Dref",2.2962087311665
"485","zT",29.0143017380163
"486","zRH",341.816202640242
"487","log10Dref",2.33159408783365
"488","zT",29.247464814833
"489","zRH",216.871404590017
"490","log10Dref",2.59215826796622
"491","zT",27.6748976496337
"492","zRH",153.860906234826
"493","log10Dref",2.45365943928148
"494","zT",28.702829418009
"495","zRH",240.358210170347
"496","log10Dref",2.21535697752553
"497","zT",29.6990759712486
"498","zRH",593.711596128863
"499","log10Dref",2.31996758300343
"500","zT",29.1159407792941
"501","zRH",237.418499614351
"502","log10Dref",2.4138494101968
"503","zT",28.4697919162332
"504","zRH",256.191807215059
"505","log10Dref",2.49715645790744
"506","zT",28.3590069027405
"507","zRH",197.641431365079
"508","log10Dref",2.44147485988332
"509","zT",28.359701709897
"510","zRH",152.838054159727
"511","log10Dref",2.26677312482189
"512","zT",29.445255670094
"513","zRH",565.219860236155
"514","log10Dref",2.45178333316804
"515","zT",28.2751850806401
"516","zRH",314.105405684875
"517","log10Dref",2.44567767513078
"518","zT",28.25325670802
"519","zRH",203.634685352079
"520","log10Dref",2.42025941015436
"521","zT",28.5296457972083
"522","zRH",296.379081157313
"523","log10Dref",2.15999674851744
"524","zT",30.3330972336494
"525","zRH",570.02999152203
"526","log10Dref",2.41736042205488
"527","zT",28.4354970461339
"528","zRH",181.378304512721
"529","log10Dref",2.40268148913918
"530","zT",28.6096901864599
"531","zRH",221.14285184385
"532","log10Dref",2.28349781466357
"533","zT",29.5306613718668
"534","zRH",546.41813252694
"535","log10Dref",2.51478616578054
"536","zT",28.7135998411753
"537","zRH",133.012455643779
"538","log10Dref",2.44634945984452
"539","zT",27.8025732555362
"540","zRH",293.148696741043
"541","log10Dref",2.29858669793335
"542","zT",29.0139774210182
"543","zRH",353.83434664321
"544","log10Dref",2.34883269668409
"545","zT",29.1549964685999
"546","zRH",185.33282233573
"547","log10Dref",2.34584524494997
"548","zT",29.8404113916787
"549","zRH",237.412241827094
"550","log10Dref",2.44203665738052
"551","zT",28.7876491904586
"552","zRH",281.430352615083
"553","log10Dref",2.38734881740793
"554","zT",28.4472252985247
"555","zRH",309.469670132089
"556","log10Dref",2.34627376184271
"557","zT",28.2518470297374
"558","zRH",308.228492537042
"559","log10Dref",2.57634524440307
"560","zT",27.7923637482412
"561","zRH",125.541989255193
"562","log10Dref",2.37437195319579
"563","zT",29.2653663235375
"564","zRH",256.307085040089
"565","log10Dref",2.40161888461456
"566","zT",28.6252211934823
"567","zRH",297.774231776111
"568","log10Dref",2.32312756057418
"569","zT",28.9769412888608
"570","zRH",327.135872569651
"571","log10Dref",2.25147880829444
"572","zT",29.9095544243964
"573","zRH",567.917416831093
"574","log10Dref",2.32041495117532
"575","zT",29.1198906362688
"576","zRH",316.454360242993
"577","log10Dref",2.27490727162943
"578","zT",28.8860492266351
"579","zRH",279.502893334739
"580","log10Dref",2.35774970657545
"581","zT",28.5814627693632
"582","zRH",416.094408093624
"583","log10Dref",2.40709055213625
"584","zT",29.0469457249496
"585","zRH",264.007469297977
"586","log10Dref",2.52635381487899
"587","zT",28.1052109000824
"588","zRH",141.896788417171
"589","log10Dref",2.14897736103037
"590","zT",29.3802936626785
"591","zRH",1943.06388052827
"592","log10Dref",2.44337189820773
"593","zT",28.570750894743
"594","zRH",252.817152430842
"595","log10Dref",2.22410448356337
"596","zT",30.1311137900303
"597","zRH",563.64152421583
"598","log10Dref",2.53139002553487
"599","zT",28.4833844606259
"600","zRH",180.028876916139
"601","log10Dref",2.34877460324752
"602","zT",28.7897061756626
"603","zRH",304.249140367156
"604","log10Dref",2.40361080891173
"605","zT",28.778457237202
"606","zRH",202.71563733806
"607","log10Dref",2.22113118759246
"608","zT",29.9236375212551
"609","zRH",518.644893635646
"610","log10Dref",2.2924330276345
"611","zT",29.4674117334348
"612","zRH",232.731713396864
"613","log10Dref",2.53636303868741
"614","zT",28.2039931711556
"615","zRH",171.796780722137
"616","log10Dref",2.32993909457675
"617","zT",28.2527612579241
"618","zRH",643.647716592692
"619","log10Dref",2.30308742572693
"620","zT",28.6247009553063
"621","zRH",206.623506198929
"622","log10Dref",2.41058743174367
"623","zT",28.4119983487546
"624","zRH",225.294245697299
"625","log10Dref",2.34570756507252
"626","zT",28.9649722075159
"627","zRH",228.831416227899
"628","log10Dref",2.37435783706448
"629","zT",28.9211028717116
"630","zRH",264.263059587938
"631","log10Dref",2.33280702870958
"632","zT",29.7767675555354
"633","zRH",207.581394734257
"634","log10Dref",2.45497672698243
"635","zT",28.4818374263839
"636","zRH",230.5703263081
"637","log10Dref",2.44151821167302
"638","zT",29.239357623972
"639","zRH",188.234179113257
"640","log10Dref",2.30440864597137
"641","zT",29.1938442346395
"642","zRH",525.942001657093
"643","log10Dref",2.39370984755297
"644","zT",28.4331253555434
"645","zRH",205.852515679765
"646","log10Dref",2.27549212657893
"647","zT",29.3648976275022
"648","zRH",382.928108579265
"649","log10Dref",2.36998809972579
"650","zT",29.8529892840759
"651","zRH",231.889260705534
"652","log10Dref",2.35766286658109
"653","zT",28.8706013427735
"654","zRH",492.225186690242
"655","log10Dref",2.33337393078202
"656","zT",28.8111203795814
"657","zRH",413.761455749217
"658","log10Dref",2.46069791809476
"659","zT",28.1045860569258
"660","zRH",336.029826058509
"661","log10Dref",2.39013329697706
"662","zT",28.8892448756095
"663","zRH",251.755775897678
"664","log10Dref",2.14756540085789
"665","zT",30.2678373058072
"666","zRH",524.048564395158
"667","log10Dref",2.27575987740294
"668","zT",29.213432215566
"669","zRH",377.152736067141
"670","log10Dref",2.28354689710351
"671","zT",29.1758393613669
"672","zRH",422.05198749565
"673","log10Dref",2.38025380007832
"674","zT",29.2807519760561
"675","zRH",272.219321337522
"676","log10Dref",2.44251597665246
"677","zT",28.9050531572078
"678","zRH",233.903433355321
"679","log10Dref",2.46552687658785
"680","zT",28.1307754238783
"681","zRH",174.024757704078
"682","log10Dref",2.37425017508084
"683","zT",29.7554289732202
"684","zRH",191.706796412115
"685","log10Dref",2.14868437564314
"686","zT",30.1513153515543
"687","zRH",398.957286860673
"688","log10Dref",2.39081309477649
"689","zT",28.7574278948364
"690","zRH",247.52481706404
"691","log10Dref",2.17107500401203
"692","zT",30.2155720024045
"693","zRH",613.942800851991
"694","log10Dref",2.31464212972916
"695","zT",28.551713694822
"696","zRH",263.347113553694
"697","log10Dref",2.21154635895452
"698","zT",29.5108497664412
"699","zRH",232.247436801526
"700","log10Dref",2.40582437790775
"701","zT",29.1189388305696
"702","zRH",220.971040392292
"703","log10Dref",2.3559538775518
"704","zT",28.9274086245536
"705","zRH",278.625200540972
"706","log10Dref",2.27852546474584
"707","zT",29.185452054255
"708","zRH",243.216394376488
"709","log10Dref",2.35852413538717
"710","zT",28.7258108277436
"711","zRH",281.801246109183
"712","log10Dref",2.49444362418799
"713","zT",28.036937392158
"714","zRH",173.308855152256
"715","log10Dref",2.36903317000555
"716","zT",28.6610463420629
"717","zRH",216.461517901876
"718","log10Dref",2.42143753504393
"719","zT",28.1961178240832
"720","zRH",152.016155243381
"721","log10Dref",2.42691870236302
"722","zT",28.9754086056136
"723","zRH",223.608063168683
"724","log10Dref",2.45143326720284
"725","zT",28.4485948258702
"726","zRH",199.050738234564
"727","log10Dref",2.41842424258108
"728","zT",28.9221338164686
"729","zRH",194.266304719001
"730","log10Dref",2.37484623281722
"731","zT",29.2544861425822
"732","zRH",202.249380913333
"733","log10Dref",2.33522246824494
"734","zT",28.6307252858312
"735","zRH",328.570477480516
"736","log10Dref",2.43104598646298
"737","zT",28.6209321575543
"738","zRH",151.194639062049
"739","log10Dref",2.32896843029175
"740","zT",28.9384021022146
"741","zRH",286.156195704372
"742","log10Dref",2.32774486014426
"743","zT",28.9755841719024
"744","zRH",350.706801401692
"745","log10Dref",2.44484928313054
"746","zT",28.5072984171129
"747","zRH",228.95731767669
"748","log10Dref",2.54798623135118
"749","zT",27.6342912193242
"750","zRH",232.495377473103
"751","log10Dref",2.43808339496046
"752","zT",28.6024333532049
"753","zRH",233.636251252631
"754","log10Dref",2.46130365785716
"755","zT",28.4217188804319
"756","zRH",194.353112844288
"757","log10Dref",2.42850432608499
"758","zT",28.9417795241195
"759","zRH",193.691274073409
"760","log10Dref",2.41716446947436
"761","zT",28.2562714048765
"762","zRH",391.581577862804
"763","log10Dref",2.33657445774279
"764","zT",29.3457314242912
"765","zRH",302.476934251702
"766","log10Dref",2.4171370923107
"767","zT",28.2167638358884
"768","zRH",223.203374012171
"769","log10Dref",2.4101691275208
"770","zT",28.1240798854973
"771","zRH",370.254168026736
"772","log10Dref",2.36477730331709
"773","zT",29.1268537900976
"774","zRH",422.823724947775
"775","log10Dref",2.43110124208008
"776","zT",28.4386583777719
"777","zRH",203.602759737602
"778","log10Dref",2.40733246551959
"779","zT",28.6075488597021
"780","zRH",323.807046735901
"781","log10Dref",2.38440844488358
"782","zT",28.5379062958771
"783","zRH",348.07769462557
"784","log10Dref",2.45744327264192
"785","zT",28.072193721826
"786","zRH",198.819639338462
"787","log10Dref",2.3596321794422
"788","zT",28.7396579270278
"789","zRH",293.888678033476
"790","log10Dref",2.37111167277087
"791","zT",28.7144376828377
"792","zRH",181.228140798678
"793","log10Dref",2.29512510429102
"794","zT",29.7452728385723
"795","zRH",318.360348861807
"796","log10Dref",2.3225011524025
"797","zT",29.0667471173923
"798","zRH",227.69276259908
"799","log10Dref",2.25611456665328
"800","zT",28.9311084564773
"801","zRH",930.104138708134
"802","log10Dref",2.39762243252793
"803","zT",28.5307988541252
"804","zRH",250.42476466336
"805","log10Dref",2.46145354487779
"806","zT",28.297447518771
"807","zRH",271.836471040828
"808","log10Dref",2.21804176267175
"809","zT",30.1305455347613
"810","zRH",288.79029137868
"811","log10Dref",2.2153012514755
"812","zT",29.3258044258755
"813","zRH",360.049948498516
"814","log10Dref",2.32710585702248
"815","zT",29.9423861924273
"816","zRH",218.410948330132
"817","log10Dref",2.32996046672904
"818","zT",29.5868362734144
"819","zRH",228.788874339673
"820","log10Dref",2.38662152442964
"821","zT",28.96982235912
"822","zRH",244.789493036449
"823","log10Dref",2.34188502374955
"824","zT",28.3882345980222
"825","zRH",420.573307945222
"826","log10Dref",2.32903622723011
"827","zT",28.892706109948
"828","zRH",357.737915396398
"829","log10Dref",2.37070704165981
"830","zT",28.6091392236578
"831","zRH",306.885246003348
"832","log10Dref",2.35122399701514
"833","zT",28.4969838612895
"834","zRH",212.446996899224
"835","log10Dref",2.30902551228746
"836","zT",29.5610335399967
"837","zRH",264.481395063635
"838","log10Dref",2.14349882768065
"839","zT",29.9846516086962
"840","zRH",351.573009074824
"841","log10Dref",2.29004448921543
"842","zT",29.5537731255482
"843","zRH",226.210240690363
"844","log10Dref",2.37042091902333
"845","zT",28.3970181487327
"846","zRH",239.357957568672
"847","log10Dref",2.50015898903253
"848","zT",28.3939544217715
"849","zRH",202.209405084323
"850","log10Dref",2.43237752314041
"851","zT",28.1168093191077
"852","zRH",151.087326634777
"853","log10Dref",2.20735476802603
"854","zT",29.6848262816991
"855","zRH",1292.60492718705
"856","log10Dref",2.49880053685874
"857","zT",28.6459465434692
"858","zRH",156.36496880108
"859","log10Dref",2.1770169891266
"860","zT",29.7771085064348
"861","zRH",790.054224811017
"862","log10Dref",2.27589218760997
"863","zT",30.0116394260081
"864","zRH",298.673478898061
"865","log10Dref",2.26333125211256
"866","zT",29.317203706362
"867","zRH",470.767153678389
"868","log10Dref",2.4207368297859
"869","zT",28.5584159128296
"870","zRH",258.404790730997
"871","log10Dref",2.27541028841974
"872","zT",29.1855744667874
"873","zRH",278.038069382803
"874","log10Dref",2.34678333740617
"875","zT",28.677059374189
"876","zRH",416.253806498649
"877","log10Dref",2.52089745297722
"878","zT",27.9753443291959
"879","zRH",223.472320463874
"880","log10Dref",2.30260114569934
"881","zT",28.3906580857167
"882","zRH",474.319741465742
"883","log10Dref",2.31191553115745
"884","zT",29.0369335629445
"885","zRH",255.204114417933
"886","log10Dref",2.3797183189137
"887","zT",29.0123561393758
"888","zRH",193.540599217237
"889","log10Dref",2.42622515618101
"890","zT",28.5706616711752
"891","zRH",357.284239177784
"892","log10Dref",2.43956901512477
"893","zT",29.3239899012047
"894","zRH",187.336207192483
"895","log10Dref",2.482431253753
"896","zT",28.4193296129193
"897","zRH",218.340565390195
"898","log10Dref",2.37319955012984
"899","zT",28.6659185892394
"900","zRH",461.340448605046
"901","log10Dref",2.32608880863228
"902","zT",29.2306349259184
"903","zRH",197.066955501168
"904","log10Dref",2.4694101969595
"905","zT",28.0062113640191
"906","zRH",230.278179169113
"907","log10Dref",2.39085709024034
"908","zT",28.9297029734736
"909","zRH",247.767235892738
"910","log10Dref",2.3657608776897
"911","zT",29.3182719455341
"912","zRH",199.775536503077
"913","log10Dref",2.37110424663523
"914","zT",28.7976560190768
"915","zRH",294.378072347709
"916","log10Dref",2.40341170577264
"917","zT",28.0811012088589
"918","zRH",349.993344903068
"919","log10Dref",2.29618757455568
"920","zT",29.6285013303011
"921","zRH",185.684380928558
"922","log10Dref",2.37602948025831
"923","zT",28.4375024139357
"924","zRH",303.185308694566
"925","log10Dref",2.22458175008473
"926","zT",29.5061326990589
"927","zRH",348.305809248189
"928","log10Dref",2.41231630129428
"929","zT",28.466655135204
"930","zRH",188.244230879189
"931","log10Dref",2.223556913182
"932","zT",30.1421639616743
"933","zRH",299.967274696519
"934","log10Dref",2.30352895799668
"935","zT",28.9282737883631
"936","zRH",188.787689468283
"937","log10Dref",2.3669138362468
"938","zT",29.293697015266
"939","zRH",227.080163939348
"940","log10Dref",2.29744517415863
"941","zT",29.3334429292799
"942","zRH",430.491691182749
"943","log10Dref",2.29468970966836
"944","zT",29.2961973909371
"945","zRH",382.504474057548
"946","log10Dref",2.39204222039501
"947","zT",28.8699030631545
"948","zRH",232.323421561852
"949","log10Dref",2.33300656407083
"950","zT",28.6691907677101
"951","zRH",326.490608534916
"952","log10Dref",2.28050995053271
"953","zT",29.4977965240177
"954","zRH",264.558373743575
"955","log10Dref",2.3922174167789
"956","zT",28.5847027861074
"957","zRH",292.759939100624
"958","log10Dref",2.4461816995601
"959","zT",27.8557542550771
"960","zRH",202.969690559533
"961","log10Dref",2.45562329392554
"962","zT",28.8805654640944
"963","zRH",189.937676164558
"964","log10Dref",2.40277269144084
"965","zT",29.2937376866868
"966","zRH",246.055142656362
"967","log10Dref",2.46211821879118
"968","zT",28.8467766695064
"969","zRH",263.299310022451
"970","log10Dref",2.14612402357767
"971","zT",30.2654805234703
"972","zRH",994.683189438407
"973","log10Dref",2.44632470675058
"974","zT",28.0350101861746
"975","zRH",255.169004092681
"976","log10Dref",2.35141483442628
"977","zT",28.6479822709234
"978","zRH",258.332485747721
"979","log10Dref",2.27039348842046
"980","zT",29.3826822156932
"981","zRH",292.931545791824
"982","log10Dref",2.34298845941394
"983","zT",28.8342378141859
"984","zRH",317.540697569094
"985","log10Dref",2.42298024291288
"986","zT",28.5167949828446
"987","zRH",264.870297051295
"988","log10Dref",2.34536421097224
"989","zT",28.3609234769142
"990","zRH",298.590996577552
"991","log10Dref",2.24260228913821
"992","zT",29.4125011023802
"993","zRH",267.8861234944
"994","log10Dref",2.25025806510573
"995","zT",29.0656852826794
"996","zRH",545.627349705277
"997","log10Dref",2.497648314797
"998","zT",28.4089988462761
"999","zRH",145.899164274873
"1000","log10Dref",2.27568992101409
"1001","zT",29.3387434053988
"1002","zRH",297.885706303402
"1003","log10Dref",2.33419061442167
"1004","zT",28.937877657136
"1005","zRH",251.154263638996
"1006","log10Dref",2.28912511344467
"1007","zT",28.9458409703428
"1008","zRH",415.472193278676
"1009","log10Dref",2.36013593258306
"1010","zT",28.5425727984252
"1011","zRH",319.275232294786
"1012","log10Dref",2.5204194559766
"1013","zT",28.8362306630515
"1014","zRH",178.475366712718
"1015","log10Dref",2.35327716147164
"1016","zT",29.1184466047914
"1017","zRH",247.919261708328
"1018","log10Dref",2.29345805124623
"1019","zT",29.8779920004318
"1020","zRH",173.658607332494
"1021","log10Dref",2.4701664047034
"1022","zT",28.3165649203334
"1023","zRH",187.330776161979
"1024","log10Dref",2.39617475478936
"1025","zT",28.9703160647434
"1026","zRH",223.936994989916
"1027","log10Dref",2.26657378772083
"1028","zT",29.0518579323679
"1029","zRH",322.057642592129
"1030","log10Dref",2.3908498949478
"1031","zT",29.1725594015363
"1032","zRH",165.943038979477
"1033","log10Dref",2.44788462248521
"1034","zT",28.0898479245642
"1035","zRH",234.330853819665
"1036","log10Dref",2.1983255491951
"1037","zT",29.873717676229
"1038","zRH",610.672482051552
"1039","log10Dref",2.35007203097119
"1040","zT",28.9083538678357
"1041","zRH",220.481349549611
"1042","log10Dref",2.34255511802413
"1043","zT",28.8674502797171
"1044","zRH",292.045915525543
"1045","log10Dref",2.2575189022307
"1046","zT",29.716804677298
"1047","zRH",350.107261868523
"1048","log10Dref",2.42511845988359
"1049","zT",28.6465238671772
"1050","zRH",181.702686127706
"1051","log10Dref",2.31498171967242
"1052","zT",29.4633788732593
"1053","zRH",200.369167760006
"1054","log10Dref",2.54805711601658
"1055","zT",27.63879619258
"1056","zRH",155.061928972009
"1057","log10Dref",2.37798011352758
"1058","zT",28.6097548346814
"1059","zRH",373.411926200762
"1060","log10Dref",2.33345502163224
"1061","zT",29.1946685374543
"1062","zRH",311.525796017891
"1063","log10Dref",2.34107025121891
"1064","zT",29.2138868321579
"1065","zRH",251.984210267998
"1066","log10Dref",2.339823986318
"1067","zT",28.8205330030941
"1068","zRH",240.440416685354
"1069","log10Dref",2.40514355813398
"1070","zT",29.2615402696735
"1071","zRH",193.045929853174
"1072","log10Dref",2.25719869552089
"1073","zT",29.2251278138099
"1074","zRH",349.609785744838
"1075","log10Dref",2.451833347399
"1076","zT",28.7663545580563
"1077","zRH",200.503232329979
"1078","log10Dref",2.43761430169862
"1079","zT",28.3190249099154
"1080","zRH",262.420742433711
"1081","log10Dref",2.37009179847747
"1082","zT",28.6488123499783
"1083","zRH",254.990790501521
"1084","log10Dref",2.34169135345502
"1085","zT",29.0638401937122
"1086","zRH",205.723680798331
"1087","log10Dref",2.27400832426748
"1088","zT",29.4482682866582
"1089","zRH",312.897478571056
"1090","log10Dref",2.37698079528018
"1091","zT",29.517479339713
"1092","zRH",247.313852038252
"1093","log10Dref",2.16514236492298
"1094","zT",29.7597117684916
"1095","zRH",457.713139972773
"1096","log10Dref",2.28828597685942
"1097","zT",29.841867209374
"1098","zRH",252.40508380746
"1099","log10Dref",2.39914813024586
"1100","zT",29.2126879744654
"1101","zRH",247.795223507737
"1102","log10Dref",2.49916116171077
"1103","zT",28.4659978748412
"1104","zRH",206.316975503807
"1105","log10Dref",2.37228329585457
"1106","zT",28.9897055410137
"1107","zRH",319.929601376784
"1108","log10Dref",2.39733581189753
"1109","zT",28.3159165533275
"1110","zRH",209.870238734071
"1111","log10Dref",2.29938811137297
"1112","zT",30.2620060123101
"1113","zRH",209.680200092119
"1114","log10Dref",2.30532518449882
"1115","zT",29.6839333974738
"1116","zRH",342.393212619922
"1117","log10Dref",2.49385143000877
"1118","zT",28.1828694851114
"1119","zRH",173.976547067729
"1120","log10Dref",2.32365509247768
"1121","zT",28.4374705629824
"1122","zRH",187.463634017674
"1123","log10Dref",2.25320594631055
"1124","zT",29.7609765235381
"1125","zRH",276.914548723066
"1126","log10Dref",2.22923681893
"1127","zT",29.2547847601611
"1128","zRH",313.617664886571
"1129","log10Dref",2.35337133587939
"1130","zT",29.2770955621508
"1131","zRH",331.92599467606
"1132","log10Dref",2.48948290457894
"1133","zT",28.5227899936463
"1134","zRH",142.282896730282
"1135","log10Dref",2.41469993796792
"1136","zT",29.0818032501757
"1137","zRH",238.65513767129
"1138","log10Dref",2.24864770326248
"1139","zT",30.1036019870758
"1140","zRH",350.086500132458
"1141","log10Dref",2.39663447081662
"1142","zT",28.5893002663629
"1143","zRH",187.741765513641
"1144","log10Dref",2.44521795741538
"1145","zT",28.2442074538257
"1146","zRH",193.742394057982
"1147","log10Dref",2.34939822984625
"1148","zT",28.7473657383335
"1149","zRH",259.258304184325
"1150","log10Dref",2.3690689146247
"1151","zT",29.3300632377633
"1152","zRH",232.165149584742
"1153","log10Dref",2.21833063380683
"1154","zT",29.761108649008
"1155","zRH",670.880696754067
"1156","log10Dref",2.2932143494088
"1157","zT",29.3276097023812
"1158","zRH",522.809854635861
"1159","log10Dref",2.26896623844839
"1160","zT",29.2595063317777
"1161","zRH",402.424200723544
"1162","log10Dref",2.35010826926128
"1163","zT",29.3128689260457
"1164","zRH",369.322106809846
"1165","log10Dref",2.24428566053042
"1166","zT",29.7324862028813
"1167","zRH",568.433899429097
"1168","log10Dref",2.34870928564925
"1169","zT",28.8420773576142
"1170","zRH",207.01987977654
"1171","log10Dref",2.45925183149781
"1172","zT",28.3828410049089
"1173","zRH",237.544470699455
"1174","log10Dref",2.4454546011634
"1175","zT",28.6867247483235
"1176","zRH",157.8010627558
"1177","log10Dref",2.23401046346488
"1178","zT",29.7721990883125
"1179","zRH",366.060048941235
"1180","log10Dref",2.44822887181499
"1181","zT",28.3753551900604
"1182","zRH",236.027508263819
"1183","log10Dref",2.4353125306026
"1184","zT",28.5463157295892
"1185","zRH",231.085590232429
"1186","log10Dref",2.52364695512046
"1187","zT",27.877291859805
"1188","zRH",198.305700120236
"1189","log10Dref",2.25394329306537
"1190","zT",29.344843159101
"1191","zRH",305.510801349816
"1192","log10Dref",2.40392422156102
"1193","zT",28.1581169680308
"1194","zRH",268.072254509544
"1195","log10Dref",2.383783985029
"1196","zT",28.8116170014444
"1197","zRH",256.540746701214
"1198","log10Dref",2.44742655743252
"1199","zT",28.8322172869707
"1200","zRH",217.911936868219
"1201","log10Dref",2.26588327613096
"1202","zT",29.9364857619432
"1203","zRH",246.434908533403
"1204","log10Dref",2.45938309450105
"1205","zT",28.3935594960224
"1206","zRH",172.462953923829
"1207","log10Dref",2.41759711445303
"1208","zT",28.5633434283175
"1209","zRH",202.300878527701
"1210","log10Dref",2.21569053857863
"1211","zT",30.8384783567302
"1212","zRH",5042.03939214466
"1213","log10Dref",2.37644337723309
"1214","zT",28.6365635508033
"1215","zRH",227.962284069794
"1216","log10Dref",2.28963152796627
"1217","zT",29.0475812915223
"1218","zRH",390.57282494591
"1219","log10Dref",2.38425245899676
"1220","zT",28.7773789910253
"1221","zRH",196.46313903573
"1222","log10Dref",2.34039169096521
"1223","zT",28.7259846922158
"1224","zRH",225.57707058532
"1225","log10Dref",2.3724784029947
"1226","zT",28.9598543038575
"1227","zRH",250.72037006551
"1228","log10Dref",2.35577469933254
"1229","zT",29.1707210940902
"1230","zRH",288.022901236486
"1231","log10Dref",2.38812286468961
"1232","zT",28.1962340892212
"1233","zRH",355.640981614182
"1234","log10Dref",2.41228654480601
"1235","zT",28.6739016250318
"1236","zRH",285.551832196672
"1237","log10Dref",2.38181114397437
"1238","zT",28.2712516916596
"1239","zRH",327.202500702917
"1240","log10Dref",2.35091666414859
"1241","zT",29.0657804976777
"1242","zRH",279.794510501334
"1243","log10Dref",2.58910299792136
"1244","zT",27.44285843598
"1245","zRH",214.835210363753
"1246","log10Dref",2.24980596146321
"1247","zT",29.9224557373145
"1248","zRH",295.282143811187
"1249","log10Dref",2.34509699879485
"1250","zT",28.560316836723
"1251","zRH",348.388537231492
"1252","log10Dref",2.42842164031847
"1253","zT",28.6679891099254
"1254","zRH",205.979712885067
"1255","log10Dref",2.36693099692368
"1256","zT",29.2493867422711
"1257","zRH",220.260611949788
"1258","log10Dref",2.28270597243514
"1259","zT",29.7327571389027
"1260","zRH",446.42569261083
"1261","log10Dref",2.41734248178651
"1262","zT",28.4362019572813
"1263","zRH",178.582213041039
"1264","log10Dref",2.45013056149158
"1265","zT",28.3127820112999
"1266","zRH",187.741104017093
"1267","log10Dref",2.36272700186908
"1268","zT",28.7270735635226
"1269","zRH",363.007288209168
"1270","log10Dref",2.28912277461596
"1271","zT",29.2737244733915
"1272","zRH",464.218021008025
"1273","log10Dref",2.27709975087149
"1274","zT",30.0967365006207
"1275","zRH",449.755561476137
"1276","log10Dref",2.58211705827359
"1277","zT",27.8523773768561
"1278","zRH",157.298116885
"1279","log10Dref",2.37737820909215
"1280","zT",28.9320147880731
"1281","zRH",207.922764099534
"1282","log10Dref",2.45013609909434
"1283","zT",28.6138932274378
"1284","zRH",223.627475343642
"1285","log10Dref",2.34744421834359
"1286","zT",28.835926447464
"1287","zRH",283.616876725501
"1288","log10Dref",2.27488870025167
"1289","zT",30.16359431398
"1290","zRH",325.852594323284
"1291","log10Dref",2.27248632591899
"1292","zT",29.7842468756141
"1293","zRH",422.243792011138
"1294","log10Dref",2.26239504327828
"1295","zT",30.1186600827192
"1296","zRH",292.852456078861
"1297","log10Dref",2.32266385573742
"1298","zT",29.7812216687524
"1299","zRH",361.756058171342
"1300","log10Dref",2.19455656033793
"1301","zT",29.6996388979022
"1302","zRH",545.787953239587
"1303","log10Dref",2.38486964410188
"1304","zT",28.6841497335783
"1305","zRH",294.810212689667
"1306","log10Dref",2.47436005890748
"1307","zT",28.1072379013012
"1308","zRH",208.923915263747
"1309","log10Dref",2.47849062744153
"1310","zT",28.3239916033078
"1311","zRH",208.591768646805
"1312","log10Dref",2.20477299194115
"1313","zT",29.4438691107841
"1314","zRH",585.01429619177
"1315","log10Dref",2.31560165905525
"1316","zT",28.9801856558386
"1317","zRH",245.438114747747
"1318","log10Dref",2.46404637329411
"1319","zT",28.4309302535705
"1320","zRH",223.34783601137
"1321","log10Dref",2.36739630489614
"1322","zT",28.9252653408406
"1323","zRH",160.89667940902
"1324","log10Dref",2.19216323331881
"1325","zT",29.9603424083618
"1326","zRH",379.475128493183
"1327","log10Dref",2.31504128531944
"1328","zT",29.9093588094498
"1329","zRH",189.07103167409
"1330","log10Dref",2.40902169955316
"1331","zT",28.0242504385071
"1332","zRH",367.716268096193
"1333","log10Dref",2.20735547892827
"1334","zT",30.3631387501828
"1335","zRH",535.100023022654
"1336","log10Dref",2.52056910736368
"1337","zT",27.6900794790595
"1338","zRH",224.920281629917
"1339","log10Dref",2.24763592267012
"1340","zT",29.4257826356958
"1341","zRH",457.435513539233
"1342","log10Dref",2.44935835107624
"1343","zT",28.1940400382075
"1344","zRH",180.003305186354
"1345","log10Dref",2.44293559619045
"1346","zT",28.1810551099969
"1347","zRH",274.60940855461
"1348","log10Dref",2.34726265972676
"1349","zT",29.1961323153213
"1350","zRH",257.847473041241
"1351","log10Dref",2.24629102578164
"1352","zT",30.2563753209459
"1353","zRH",304.753264774145
"1354","log10Dref",2.24574278184363
"1355","zT",29.3762712474821
"1356","zRH",442.894953443528
"1357","log10Dref",2.30626393381499
"1358","zT",29.2581775614845
"1359","zRH",323.195304307013
"1360","log10Dref",2.26836702103393
"1361","zT",29.652921367768
"1362","zRH",334.536864226811
"1363","log10Dref",2.28000253861138
"1364","zT",28.7414891595761
"1365","zRH",416.326504747185
"1366","log10Dref",2.50371213752811
"1367","zT",28.4470720667778
"1368","zRH",148.526239938943
"1369","log10Dref",2.27530022325826
"1370","zT",28.91644777257
"1371","zRH",319.99985555434
"1372","log10Dref",2.22886633453625
"1373","zT",29.2955366263759
"1374","zRH",699.230851051039
"1375","log10Dref",2.37597954127799
"1376","zT",28.1287630601441
"1377","zRH",403.130617149848
"1378","log10Dref",2.37979399976116
"1379","zT",28.7930973191627
"1380","zRH",345.736352803056
"1381","log10Dref",2.37894179130273
"1382","zT",29.0046551570366
"1383","zRH",226.289627624061
"1384","log10Dref",2.49119682238891
"1385","zT",28.8251995465323
"1386","zRH",179.845951363853
"1387","log10Dref",2.33368305799456
"1388","zT",29.1747711991822
"1389","zRH",261.636376173158
"1390","log10Dref",2.43622878497655
"1391","zT",29.1368718271582
"1392","zRH",230.882404785521
"1393","log10Dref",2.31530572675253
"1394","zT",29.0917936956049
"1395","zRH",454.781863388191
"1396","log10Dref",2.33630174012353
"1397","zT",28.8931932039931
"1398","zRH",362.463485712981
"1399","log10Dref",2.43618793202349
"1400","zT",28.8916228001291
"1401","zRH",283.533756067982
"1402","log10Dref",2.51854961389419
"1403","zT",27.5826874741553
"1404","zRH",232.662635204576
"1405","log10Dref",2.4294995263406
"1406","zT",29.0866226065148
"1407","zRH",231.266329996684
"1408","log10Dref",2.30912314612313
"1409","zT",29.195223150945
"1410","zRH",435.715042832409
"1411","log10Dref",2.40424040849904
"1412","zT",28.1971902277966
"1413","zRH",220.760064976153
"1414","log10Dref",2.44053601407741
"1415","zT",28.9096329424127
"1416","zRH",291.151102028654
"1417","log10Dref",2.48272062987923
"1418","zT",28.5401306333791
"1419","zRH",227.316835718635
"1420","log10Dref",2.33630931101729
"1421","zT",29.1323630561903
"1422","zRH",258.652910614696
"1423","log10Dref",2.29858916542866
"1424","zT",29.3582331086548
"1425","zRH",350.348536390067
"1426","log10Dref",2.59587505174208
"1427","zT",27.4729995512998
"1428","zRH",169.978246495016
"1429","log10Dref",2.39789689048297
"1430","zT",29.7404621029648
"1431","zRH",207.099546996729
"1432","log10Dref",2.26298139864174
"1433","zT",29.7676196106827
"1434","zRH",286.621532157746
"1435","log10Dref",2.38794208336702
"1436","zT",29.2526662534929
"1437","zRH",245.187386923633
"1438","log10Dref",2.35016673588339
"1439","zT",28.6245159704238
"1440","zRH",236.866337747987
"1441","log10Dref",2.39157463614815
"1442","zT",28.2315282608947
"1443","zRH",299.77089369496
"1444","log10Dref",2.36506118960819
"1445","zT",28.5089269672326
"1446","zRH",336.48807906936
"1447","log10Dref",2.37992178474501
"1448","zT",27.9080959310004
"1449","zRH",346.136363617982
"1450","log10Dref",2.43407635004328
"1451","zT",28.2005100754515
"1452","zRH",278.599365149698
"1453","log10Dref",2.43811577256771
"1454","zT",29.2091493075031
"1455","zRH",263.307507900098
"1456","log10Dref",2.49759306847148
"1457","zT",28.7969411920226
"1458","zRH",134.057014776612
"1459","log10Dref",2.34890122186606
"1460","zT",29.2945341314488
"1461","zRH",229.46562730692
"1462","log10Dref",2.47930063812383
"1463","zT",28.2198753132117
"1464","zRH",188.773647606657
"1465","log10Dref",2.3507431252111
"1466","zT",28.9598429072456
"1467","zRH",236.463998807432
"1468","log10Dref",2.20358244396236
"1469","zT",30.1004155243865
"1470","zRH",428.592400645425
"1471","log10Dref",2.35741850735271
"1472","zT",28.9050088138832
"1473","zRH",311.385399942789
"1474","log10Dref",2.2495814848191
"1475","zT",30.1634334754205
"1476","zRH",307.863140492795
"1477","log10Dref",2.42001947259084
"1478","zT",28.3869024946146
"1479","zRH",169.426043469244
"1480","log10Dref",2.38066258752357
"1481","zT",29.1736003803886
"1482","zRH",234.71585121362
"1483","log10Dref",2.30706782420575
"1484","zT",28.5906886848279
"1485","zRH",360.168973869568
"1486","log10Dref",2.39540728008572
"1487","zT",29.0022829067475
"1488","zRH",234.196393884316
"1489","log10Dref",2.29421539818873
"1490","zT",29.441260742637
"1491","zRH",235.789152233622
"1492","log10Dref",2.2492365221579
"1493","zT",29.5809140317588
"1494","zRH",559.44913018566
"1495","log10Dref",2.44345233703157
"1496","zT",29.1568282999288
"1497","zRH",200.329265023599
"1498","log10Dref",2.32090933272447
"1499","zT",29.5422143849454
"1500","zRH",219.006678100404
"1501","log10Dref",2.37892796937586
"1502","zT",29.3099202601649
"1503","zRH",225.871071939328
"1504","log10Dref",2.27570406760639
"1505","zT",29.2381067241268
"1506","zRH",305.933821218528
"1507","log10Dref",2.23522385322071
"1508","zT",29.1992836798924
"1509","zRH",524.486943091559
"1510","log10Dref",2.29998850293482
"1511","zT",28.9663791134591
"1512","zRH",543.062173838235
"1513","log10Dref",2.4159452496669
"1514","zT",27.9855296867968
"1515","zRH",236.76137642746
"1516","log10Dref",2.34246001710277
"1517","zT",28.8666963921868
"1518","zRH",297.739572542671
"1519","log10Dref",2.41286668548241
"1520","zT",28.8599847357761
"1521","zRH",221.913882525701
"1522","log10Dref",2.48310931468914
"1523","zT",28.383600325022
"1524","zRH",232.634537768827
"1525","log10Dref",2.47112105070458
"1526","zT",28.4559817393533
"1527","zRH",271.037312614177
"1528","log10Dref",2.4203016762208
"1529","zT",28.584172485585
"1530","zRH",232.938090218808
"1531","log10Dref",2.32091670221909
"1532","zT",29.7085007778729
"1533","zRH",290.173189547126
"1534","log10Dref",2.33682078549201
"1535","zT",28.8158039261443
"1536","zRH",306.52948501215
"1537","log10Dref",2.27994525421162
"1538","zT",29.6743306863284
"1539","zRH",401.381169257932
"1540","log10Dref",2.41434023287549
"1541","zT",28.7542032241122
"1542","zRH",228.058126085122
"1543","log10Dref",2.36683419923522
"1544","zT",28.7446514811813
"1545","zRH",201.948802911903
"1546","log10Dref",2.34668792107197
"1547","zT",29.2591940692512
"1548","zRH",227.795186305017
"1549","log10Dref",2.41387072473319
"1550","zT",28.6395734318196
"1551","zRH",278.006166964411
"1552","log10Dref",2.44779229569886
"1553","zT",28.4713571703152
"1554","zRH",246.052272666055
"1555","log10Dref",2.40122016201543
"1556","zT",28.6776699649991
"1557","zRH",312.048989076838
"1558","log10Dref",2.47578652465777
"1559","zT",28.4730238552741
"1560","zRH",185.840082152839
"1561","log10Dref",2.31573847862679
"1562","zT",29.2661047087757
"1563","zRH",307.360683123859
"1564","log10Dref",2.42281739831707
"1565","zT",29.3134576842871
"1566","zRH",240.598786655736
"1567","log10Dref",2.27718252455253
"1568","zT",28.9217207911887
"1569","zRH",449.186361540474
"1570","log10Dref",2.57954398074955
"1571","zT",27.4954373536162
"1572","zRH",149.351889443222
"1573","log10Dref",2.51273504337146
"1574","zT",28.5788600248921
"1575","zRH",156.412080769241
"1576","log10Dref",2.25594230926766
"1577","zT",29.8028552352168
"1578","zRH",335.252634680739
"1579","log10Dref",2.35132070951539
"1580","zT",29.1248429208784
"1581","zRH",326.91356856684
"1582","log10Dref",2.29657628379768
"1583","zT",29.2192762609487
"1584","zRH",270.798160599398
"1585","log10Dref",2.52718495682567
"1586","zT",27.6153509718828
"1587","zRH",231.009844292609
"1588","log10Dref",2.50518559823119
"1589","zT",27.9174935245705
"1590","zRH",175.953830910769
"1591","log10Dref",2.44940164904975
"1592","zT",28.310403994463
"1593","zRH",162.705442262163
"1594","log10Dref",2.26903921328065
"1595","zT",29.5910329787748
"1596","zRH",388.387194044812
"1597","log10Dref",2.26325753398832
"1598","zT",29.9697133899947
"1599","zRH",258.559982231036
"1600","log10Dref",2.37617978887812
"1601","zT",28.5160545676991
"1602","zRH",341.453201937467
"1603","log10Dref",2.4796765899116
"1604","zT",28.3399024424438
"1605","zRH",208.9823455115
"1606","log10Dref",2.34608660805044
"1607","zT",28.7246649404616
"1608","zRH",232.263878110151
"1609","log10Dref",2.399851356533
"1610","zT",28.7778434743475
"1611","zRH",211.648237724508
"1612","log10Dref",2.39792787762397
"1613","zT",28.5881593158866
"1614","zRH",213.668142263821
"1615","log10Dref",2.34745118477572
"1616","zT",28.765294062578
"1617","zRH",278.265982109275
"1618","log10Dref",2.18562147461937
"1619","zT",29.2453371127578
"1620","zRH",481.662697999554
"1621","log10Dref",2.53554617582425
"1622","zT",28.3123921673717
"1623","zRH",140.559937637314
"1624","log10Dref",2.26875129350475
"1625","zT",28.9518520583463
"1626","zRH",354.037651034281
"1627","log10Dref",2.35559769647019
"1628","zT",29.2455041144771
"1629","zRH",275.125499142939
"1630","log10Dref",2.26750710750217
"1631","zT",29.2495356751308
"1632","zRH",243.466657745744
"1633","log10Dref",2.46546656128454
"1634","zT",28.6816511131345
"1635","zRH",181.14368510463
"1636","log10Dref",2.20940589170016
"1637","zT",29.552673149683
"1638","zRH",604.284760261417
"1639","log10Dref",2.29769775430861
"1640","zT",29.4397172316835
"1641","zRH",322.256905459307
"1642","log10Dref",2.29020548161575
"1643","zT",28.5579715161022
"1644","zRH",583.631744224983
"1645","log10Dref",2.41761596896273
"1646","zT",28.1677856416225
"1647","zRH",246.975500065614
"1648","log10Dref",2.28113179422054
"1649","zT",28.7782409308494
"1650","zRH",301.076814998933
"1651","log10Dref",2.31174481157695
"1652","zT",28.7397472746155
"1653","zRH",602.367628697252
"1654","log10Dref",2.30492410382812
"1655","zT",28.8148539414912
"1656","zRH",282.133520122358
"1657","log10Dref",2.34048839293569
"1658","zT",29.0049188684195
"1659","zRH",299.325857531314
"1660","log10Dref",2.2670988546022
"1661","zT",27.9686570010276
"1662","zRH",706.53180784643
"1663","log10Dref",2.36517115682917
"1664","zT",29.4694010702055
"1665","zRH",313.123830852748
"1666","log10Dref",2.40700796152178
"1667","zT",28.5252372902166
"1668","zRH",267.573926922203
"1669","log10Dref",2.44091882366579
"1670","zT",29.7535632308466
"1671","zRH",142.38090586723
"1672","log10Dref",2.33316071016262
"1673","zT",29.6501248333593
"1674","zRH",225.995083525647
"1675","log10Dref",2.27119769861136
"1676","zT",28.8537137179319
"1677","zRH",396.466073760009
"1678","log10Dref",2.41744161147978
"1679","zT",28.744345963175
"1680","zRH",176.492608767494
"1681","log10Dref",2.16138971750993
"1682","zT",29.8137696865644
"1683","zRH",647.657913709831
"1684","log10Dref",2.37639306953985
"1685","zT",28.2371001015332
"1686","zRH",204.691291945631
"1687","log10Dref",2.43563320155347
"1688","zT",28.424081341088
"1689","zRH",225.440373574534
"1690","log10Dref",2.45470260221418
"1691","zT",27.6891757467473
"1692","zRH",284.030744301775
"1693","log10Dref",2.40091153516551
"1694","zT",28.957106788403
"1695","zRH",247.108766114102
"1696","log10Dref",2.36892233083327
"1697","zT",29.2342523789509
"1698","zRH",255.171878153818
"1699","log10Dref",2.39283690028259
"1700","zT",27.9982502785399
"1701","zRH",209.756595011019
"1702","log10Dref",2.36044378220729
"1703","zT",28.9275941295639
"1704","zRH",413.825853371211
"1705","log10Dref",2.34851795193248
"1706","zT",28.6858690540156
"1707","zRH",309.919876252461
"1708","log10Dref",2.44808730006423
"1709","zT",28.7902351216185
"1710","zRH",174.110853600952
"1711","log10Dref",2.29545415412631
"1712","zT",29.1050768405497
"1713","zRH",244.071263401074
"1714","log10Dref",2.34935435649875
"1715","zT",29.6344125490047
"1716","zRH",297.864268709051
"1717","log10Dref",2.26427182945133
"1718","zT",29.3053368666504
"1719","zRH",391.91694097684
"1720","log10Dref",2.29611117790643
"1721","zT",29.5445882262611
"1722","zRH",282.659378916124
"1723","log10Dref",2.17790928836102
"1724","zT",30.3521240461708
"1725","zRH",202.152787263058
"1726","log10Dref",2.43689849738112
"1727","zT",28.8246584956199
"1728","zRH",286.554405087407
"1729","log10Dref",2.58635537897068
"1730","zT",27.8029686203618
"1731","zRH",133.852363022121
"1732","log10Dref",2.35937825981539
"1733","zT",28.5294308441217
"1734","zRH",328.08373062808
"1735","log10Dref",2.41445525198814
"1736","zT",28.6635323510734
"1737","zRH",294.94444220334
"1738","log10Dref",2.48867888533113
"1739","zT",27.8467559210596
"1740","zRH",225.081043485134
"1741","log10Dref",2.2864412106722
"1742","zT",29.3111050535275
"1743","zRH",383.900270146428
"1744","log10Dref",2.38952201945039
"1745","zT",28.8605461110041
"1746","zRH",198.26505638987
"1747","log10Dref",2.34506072974308
"1748","zT",29.5312684279359
"1749","zRH",232.952460026092
"1750","log10Dref",2.36272769944636
"1751","zT",28.3374786770221
"1752","zRH",171.068642874653
"1753","log10Dref",2.41405479975826
"1754","zT",28.1111200973025
"1755","zRH",265.587128405389
"1756","log10Dref",2.39062691560432
"1757","zT",28.5207857594083
"1758","zRH",266.199613809962
"1759","log10Dref",2.33733006946945
"1760","zT",28.9151772108631
"1761","zRH",265.866842610322
"1762","log10Dref",2.33052040422331
"1763","zT",28.8568472852582
"1764","zRH",231.049485346382
"1765","log10Dref",2.41340794195369
"1766","zT",28.5287291992615
"1767","zRH",210.29823191404
"1768","log10Dref",2.4620629543922
"1769","zT",28.0975039923449
"1770","zRH",223.632091730709
"1771","log10Dref",2.28614858970058
"1772","zT",28.692977554785
"1773","zRH",259.989360099231
"1774","log10Dref",2.24391967122478
"1775","zT",28.5047874238106
"1776","zRH",301.327597752999
"1777","log10Dref",2.48222837643578
"1778","zT",28.5257049233003
"1779","zRH",252.179697318449
"1780","log10Dref",2.38809676070582
"1781","zT",28.7195346754937
"1782","zRH",202.282824709014
"1783","log10Dref",2.28217722939132
"1784","zT",29.1655706179851
"1785","zRH",335.430929378572
"1786","log10Dref",2.40738906094563
"1787","zT",28.6309412778162
"1788","zRH",227.366068350244
"1789","log10Dref",2.43629465332625
"1790","zT",28.2492596185893
"1791","zRH",196.822933640937
"1792","log10Dref",2.48505252549824
"1793","zT",28.4772607520549
"1794","zRH",205.914675990302
"1795","log10Dref",2.35908799105178
"1796","zT",28.0244821615834
"1797","zRH",251.1589976784
"1798","log10Dref",2.45505300001893
"1799","zT",28.0184744073864
"1800","zRH",165.789050400517
"1801","log10Dref",2.28264901083906
"1802","zT",28.8812586823436
"1803","zRH",268.938488315086
"1804","log10Dref",2.44833869857746
"1805","zT",28.2043783010941
"1806","zRH",370.467172082103
"1807","log10Dref",2.43358471394485
"1808","zT",28.2549469153427
"1809","zRH",178.315535473336
"1810","log10Dref",2.47620477685183
"1811","zT",29.0717115366822
"1812","zRH",195.064133866851
"1813","log10Dref",2.3020166708424
"1814","zT",28.8590999283534
"1815","zRH",454.731130083459
"1816","log10Dref",2.40894702989968
"1817","zT",28.6630520326781
"1818","zRH",205.103595908852
"1819","log10Dref",2.19429552036696
"1820","zT",30.1538824244155
"1821","zRH",572.296460765479
"1822","log10Dref",2.28198102237698
"1823","zT",29.6207511882746
"1824","zRH",319.579645123287
"1825","log10Dref",2.33135749235748
"1826","zT",28.977244352931
"1827","zRH",364.55853432672
"1828","log10Dref",2.37585848212083
"1829","zT",28.7358887982149
"1830","zRH",251.906491933317
"1831","log10Dref",2.42616792085225
"1832","zT",28.7583076713616
"1833","zRH",230.568621388331
"1834","log10Dref",2.34872549512272
"1835","zT",28.3084538152843
"1836","zRH",231.596476389545
"1837","log10Dref",2.35825130491117
"1838","zT",28.7422908805836
"1839","zRH",296.667588415707
"1840","log10Dref",2.51479514939932
"1841","zT",27.8345907173487
"1842","zRH",215.061939971153
"1843","log10Dref",2.55671839053974
"1844","zT",28.001667202631
"1845","zRH",155.894545525353
"1846","log10Dref",2.20488346510584
"1847","zT",30.4928779475421
"1848","zRH",407.982802756019
"1849","log10Dref",2.47364115122122
"1850","zT",28.1213311293008
"1851","zRH",189.491731731703
"1852","log10Dref",2.42781074891483
"1853","zT",28.6229313775589
"1854","zRH",270.006560684932
"1855","log10Dref",2.32268538413531
"1856","zT",29.0434109486768
"1857","zRH",278.658985249687
"1858","log10Dref",2.40236828583057
"1859","zT",28.5945102264614
"1860","zRH",223.515935459879
"1861","log10Dref",2.35520661377187
"1862","zT",29.1797448655948
"1863","zRH",311.286863196073
"1864","log10Dref",2.29156407148906
"1865","zT",29.1918236754761
"1866","zRH",406.134816185949
"1867","log10Dref",2.31729874233419
"1868","zT",29.3379886246347
"1869","zRH",196.805158753437
"1870","log10Dref",2.3337027636641
"1871","zT",28.9982992119846
"1872","zRH",300.088686214924
"1873","log10Dref",2.29651155795864
"1874","zT",29.8226782363698
"1875","zRH",268.527447033962
"1876","log10Dref",2.38916206966952
"1877","zT",28.8260836567395
"1878","zRH",227.649056017955
"1879","log10Dref",2.31854141724852
"1880","zT",29.2654409835371
"1881","zRH",547.079580755542
"1882","log10Dref",2.31851590505991
"1883","zT",29.3671255331929
"1884","zRH",220.698939785534
"1885","log10Dref",2.45145279961965
"1886","zT",28.1969980894653
"1887","zRH",200.030265331043
"1888","log10Dref",2.1660494924674
"1889","zT",29.5069499990611
"1890","zRH",1591.84979737774
"1891","log10Dref",2.42541722868262
"1892","zT",28.0305090254522
"1893","zRH",208.422404387563
"1894","log10Dref",2.31075261823517
"1895","zT",29.2285695986944
"1896","zRH",404.578850070974
"1897","log10Dref",2.39925396934968
"1898","zT",28.7428752657799
"1899","zRH",359.371108410267
"1900","log10Dref",2.40681867674374
"1901","zT",28.7788096681091
"1902","zRH",175.787762989366
"1903","log10Dref",2.28187165931082
"1904","zT",29.0634719284489
"1905","zRH",300.734383512746
"1906","log10Dref",2.37149379885873
"1907","zT",28.7870963865789
"1908","zRH",248.652632267616
"1909","log10Dref",2.28549899958461
"1910","zT",29.5059671037152
"1911","zRH",311.503159902247
"1912","log10Dref",2.49959058561833
"1913","zT",28.4606267066012
"1914","zRH",157.082624660291
"1915","log10Dref",2.3004215091218
"1916","zT",28.9744396864035
"1917","zRH",294.683894075748
"1918","log10Dref",2.08468824318825
"1919","zT",30.4636455213226
"1920","zRH",1045.27657620988
"1921","log10Dref",2.31442480678319
"1922","zT",28.7839005484959
"1923","zRH",190.153783877631
"1924","log10Dref",2.49137720559714
"1925","zT",28.565928315825
"1926","zRH",204.583275644446
"1927","log10Dref",2.53398334862262
"1928","zT",28.3328046918546
"1929","zRH",204.030563868594
"1930","log10Dref",2.20156877812906
"1931","zT",30.8932812072519
"1932","zRH",358.955149196847
"1933","log10Dref",2.38262735266867
"1934","zT",28.826711052412
"1935","zRH",240.652296481989
"1936","log10Dref",2.27126920721061
"1937","zT",29.4132654146591
"1938","zRH",344.747277280894
"1939","log10Dref",2.43761957176191
"1940","zT",29.3145072510576
"1941","zRH",185.448428630107
"1942","log10Dref",2.3055114076935
"1943","zT",29.4488821475595
"1944","zRH",269.997936546584
"1945","log10Dref",2.30264131639851
"1946","zT",29.4954446335671
"1947","zRH",240.773751964325
"1948","log10Dref",2.26349962014074
"1949","zT",29.0359710162968
"1950","zRH",507.652599960172
"1951","log10Dref",2.42098371718228
"1952","zT",28.8987315833193
"1953","zRH",216.746952372939
"1954","log10Dref",2.5388608837594
"1955","zT",28.6753661287737
"1956","zRH",130.548144150914
"1957","log10Dref",2.36217003199695
"1958","zT",28.8751477295773
"1959","zRH",324.265425279881
"1960","log10Dref",2.46374005177383
"1961","zT",28.5967664599606
"1962","zRH",162.59488563925
"1963","log10Dref",2.38371121800894
"1964","zT",29.1389131393506
"1965","zRH",284.254750689107
"1966","log10Dref",2.38042414571146
"1967","zT",28.6648051204837
"1968","zRH",300.087387154446
"1969","log10Dref",2.24331991880375
"1970","zT",30.0543223217599
"1971","zRH",368.313863373807
"1972","log10Dref",2.23839661849265
"1973","zT",29.8719628673887
"1974","zRH",527.430396340888
"1975","log10Dref",2.33900708478309
"1976","zT",29.0823573394005
"1977","zRH",235.988082675973
"1978","log10Dref",2.41266642236314
"1979","zT",28.8157399933846
"1980","zRH",243.201489762211
"1981","log10Dref",2.39043476213959
"1982","zT",28.5824589685913
"1983","zRH",326.133043739564
"1984","log10Dref",2.30989803532285
"1985","zT",29.0729523512325
"1986","zRH",187.150088311421
"1987","log10Dref",2.56286467616236
"1988","zT",27.4862873154017
"1989","zRH",145.025985930046
"1990","log10Dref",2.34066612568673
"1991","zT",29.1185129089475
"1992","zRH",266.700153087164
"1993","log10Dref",2.44930332486412
"1994","zT",28.3607197165193
"1995","zRH",259.900950776426
"1996","log10Dref",2.43155961676702
"1997","zT",29.0034753858151
"1998","zRH",194.902525486536
"1999","log10Dref",2.28158239369257
"2000","zT",29.1632736733311
"2001","zRH",323.706263907336
"2002","log10Dref",2.39675384015786
"2003","zT",28.7118993024563
"2004","zRH",197.931005458788
"2005","log10Dref",2.34621985301493
"2006","zT",29.4991493284084
"2007","zRH",215.701509782699
"2008","log10Dref",2.44391135882978
"2009","zT",28.1158191686444
"2010","zRH",254.981788833314
"2011","log10Dref",2.31480738726354
"2012","zT",29.1357852770379
"2013","zRH",249.758312228534
"2014","log10Dref",2.40039871521729
"2015","zT",28.7710122776239
"2016","zRH",221.906933806008
"2017","log10Dref",2.31712472370818
"2018","zT",29.5989385913405
"2019","zRH",285.988435829827
"2020","log10Dref",2.17159499147863
"2021","zT",29.4674358563453
"2022","zRH",951.296797449015
"2023","log10Dref",2.33552631120016
"2024","zT",28.8912395889998
"2025","zRH",244.390971178208
"2026","log10Dref",2.32482880039925
"2027","zT",28.3908360838074
"2028","zRH",297.777490447761
"2029","log10Dref",2.27937943671299
"2030","zT",29.0183489049677
"2031","zRH",355.095027660062
"2032","log10Dref",2.23501549199064
"2033","zT",30.3251203760431
"2034","zRH",334.410371527618
"2035","log10Dref",2.26942508961503
"2036","zT",28.9057033782068
"2037","zRH",604.805507099239
"2038","log10Dref",2.44359723599253
"2039","zT",28.5279825809383
"2040","zRH",212.319390801524
"2041","log10Dref",2.38366624818403
"2042","zT",29.1120897713148
"2043","zRH",290.746822785701
"2044","log10Dref",2.20087329818823
"2045","zT",29.8944587665352
"2046","zRH",285.357241394284
"2047","log10Dref",2.3589396253145
"2048","zT",29.2875052286777
"2049","zRH",275.32684301689
"2050","log10Dref",2.36934984740849
"2051","zT",28.6684589938825
"2052","zRH",322.985167804035
"2053","log10Dref",2.3272366050108
"2054","zT",30.4336887607439
"2055","zRH",257.496063633216
"2056","log10Dref",2.33405458503739
"2057","zT",28.9690244975216
"2058","zRH",298.681462056702
"2059","log10Dref",2.45935864506314
"2060","zT",28.6987211616617
"2061","zRH",192.977693731149
"2062","log10Dref",2.31358410363322
"2063","zT",28.7840510649895
"2064","zRH",206.3583049157
"2065","log10Dref",2.42132011690706
"2066","zT",29.0594784723213
"2067","zRH",237.429071939628
"2068","log10Dref",2.29015263596146
"2069","zT",29.62225513813
"2070","zRH",256.805169833082
"2071","log10Dref",2.2428840450864
"2072","zT",29.0192906494272
"2073","zRH",814.158520526889
"2074","log10Dref",2.40716492027207
"2075","zT",29.0819499877777
"2076","zRH",224.154960695077
"2077","log10Dref",2.37606497261847
"2078","zT",28.8973478553034
"2079","zRH",253.870456799292
"2080","log10Dref",2.2376505019151
"2081","zT",29.704168429029
"2082","zRH",650.257996270545
"2083","log10Dref",2.36970368003657
"2084","zT",28.4693372587477
"2085","zRH",382.482969770981
"2086","log10Dref",2.41150944542809
"2087","zT",28.9403280878892
"2088","zRH",202.822139974546
"2089","log10Dref",2.44833456780746
"2090","zT",28.3680047988616
"2091","zRH",179.877638467182
"2092","log10Dref",2.21430270437658
"2093","zT",29.974332905103
"2094","zRH",389.454205384884
"2095","log10Dref",2.17316188015771
"2096","zT",30.4646153836554
"2097","zRH",414.045238971702
"2098","log10Dref",2.42353163917886
"2099","zT",27.8692440396649
"2100","zRH",330.6668446051
"2101","log10Dref",2.42008623907573
"2102","zT",28.3473399177488
"2103","zRH",249.58757825374
"2104","log10Dref",2.26551967599976
"2105","zT",28.8769701767111
"2106","zRH",584.35051555392
"2107","log10Dref",2.33295080244237
"2108","zT",29.001721462748
"2109","zRH",443.176851068252
"2110","log10Dref",2.38274401807079
"2111","zT",28.7447216450961
"2112","zRH",288.129842068402
"2113","log10Dref",2.18539545398535
"2114","zT",30.335190646503
"2115","zRH",230.072795864853
"2116","log10Dref",2.41610160788209
"2117","zT",28.6937171694622
"2118","zRH",242.573168998079
"2119","log10Dref",2.43042936276678
"2120","zT",28.4984754882085
"2121","zRH",201.362372736251
"2122","log10Dref",2.35583272429224
"2123","zT",29.0006002272412
"2124","zRH",317.047305996385
"2125","log10Dref",2.58058748823422
"2126","zT",28.1996690126631
"2127","zRH",161.819076356507
"2128","log10Dref",2.37282288346674
"2129","zT",28.8205406717443
"2130","zRH",238.242484226488
"2131","log10Dref",2.36204638094091
"2132","zT",28.8395972171085
"2133","zRH",331.878101479955
"2134","log10Dref",2.5150924907682
"2135","zT",27.6358365136532
"2136","zRH",173.808122164779
"2137","log10Dref",2.41045957969406
"2138","zT",28.6496743549052
"2139","zRH",251.280154646913
"2140","log10Dref",2.39529950385478
"2141","zT",29.1624246359965
"2142","zRH",290.114474568879
"2143","log10Dref",2.39812890299067
"2144","zT",29.0144647506291
"2145","zRH",197.771693925157
"2146","log10Dref",2.47087582208329
"2147","zT",28.2405213203924
"2148","zRH",188.411451944113
"2149","log10Dref",2.32705646167918
"2150","zT",29.4410605615743
"2151","zRH",253.027828969278
"2152","log10Dref",2.2500001010681
"2153","zT",29.4761233390521
"2154","zRH",415.729033444112
"2155","log10Dref",2.23542771547938
"2156","zT",29.1225701557454
"2157","zRH",523.188824659199
"2158","log10Dref",2.34666910948653
"2159","zT",28.568018228672
"2160","zRH",225.679532526261
"2161","log10Dref",2.29159592051618
"2162","zT",29.697264843853
"2163","zRH",231.314193917429
"2164","log10Dref",2.34916234453764
"2165","zT",28.5240410508387
"2166","zRH",262.859593846628
"2167","log10Dref",2.38881105018814
"2168","zT",29.1724876941282
"2169","zRH",206.44118299339
"2170","log10Dref",2.31157648410949
"2171","zT",29.548382137864
"2172","zRH",219.391738401835
"2173","log10Dref",2.39148261994165
"2174","zT",28.4696467794855
"2175","zRH",257.431364611686
"2176","log10Dref",2.48187771428148
"2177","zT",28.86169014104
"2178","zRH",205.763256119724
"2179","log10Dref",2.50284331899141
"2180","zT",28.1787007552523
"2181","zRH",232.754794791895
"2182","log10Dref",2.52419350751888
"2183","zT",28.0970598094962
"2184","zRH",199.139708483786
"2185","log10Dref",2.19521234451179
"2186","zT",29.2882344454083
"2187","zRH",325.649783529883
"2188","log10Dref",2.28691144534868
"2189","zT",29.3974387574809
"2190","zRH",314.650483475533
"2191","log10Dref",2.32359033163808
"2192","zT",29.4695362432165
"2193","zRH",292.80968082968
"2194","log10Dref",2.42609903454625
"2195","zT",28.3224696154508
"2196","zRH",306.036352799255
"2197","log10Dref",2.39954618381054
"2198","zT",28.7670677921503
"2199","zRH",266.533496078459
"2200","log10Dref",2.24135369518429
"2201","zT",29.8919021633447
"2202","zRH",411.617460213456
"2203","log10Dref",2.30267285427176
"2204","zT",29.3105067716639
"2205","zRH",575.207281299048
"2206","log10Dref",2.31139025799991
"2207","zT",28.8905186068727
"2208","zRH",328.532618670932
"2209","log10Dref",2.32788549462027
"2210","zT",29.0845507638153
"2211","zRH",340.810271255281
"2212","log10Dref",2.30979553460778
"2213","zT",28.9915328879981
"2214","zRH",299.592892752491
"2215","log10Dref",2.23808946362128
"2216","zT",30.8206083513162
"2217","zRH",390.108897371288
"2218","log10Dref",2.22712130312224
"2219","zT",30.3091936507548
"2220","zRH",471.672479004954
"2221","log10Dref",2.30100116544204
"2222","zT",29.538426309217
"2223","zRH",283.393560947242
"2224","log10Dref",2.18307685835351
"2225","zT",29.9716921187071
"2226","zRH",442.883783156448
"2227","log10Dref",2.31168408683488
"2228","zT",29.7491049325131
"2229","zRH",266.196937622851
"2230","log10Dref",2.47316612468927
"2231","zT",28.1736558555037
"2232","zRH",188.768833658614
"2233","log10Dref",2.33646730389029
"2234","zT",29.0085109166582
"2235","zRH",402.010607219558
"2236","log10Dref",2.30493310943578
"2237","zT",28.632651162556
"2238","zRH",295.40944979261
"2239","log10Dref",2.49842880636135
"2240","zT",27.9955277716388
"2241","zRH",140.565934033712
"2242","log10Dref",2.31836591644251
"2243","zT",29.0669149294711
"2244","zRH",368.517676544368
"2245","log10Dref",2.40294429385697
"2246","zT",28.41154273784
"2247","zRH",317.364007152251
"2248","log10Dref",2.48463015701518
"2249","zT",28.5387792215344
"2250","zRH",161.597565753838
"2251","log10Dref",2.35719339705813
"2252","zT",28.7485502660115
"2253","zRH",291.595019939695
"2254","log10Dref",2.40943973725192
"2255","zT",28.9156448713212
"2256","zRH",239.764120237291
"2257","log10Dref",2.44647412681706
"2258","zT",28.135363940382
"2259","zRH",268.262355858832
"2260","log10Dref",2.25417754416882
"2261","zT",30.1514423784474
"2262","zRH",274.426404224834
"2263","log10Dref",2.3273380439203
"2264","zT",29.3049928310432
"2265","zRH",255.682228338724
"2266","log10Dref",2.4680949097349
"2267","zT",28.5893992030606
"2268","zRH",186.718957047384
"2269","log10Dref",2.45048607715971
"2270","zT",28.6252509283241
"2271","zRH",177.826105318245
"2272","log10Dref",2.27453209803411
"2273","zT",29.3162154140017
"2274","zRH",260.690344083963
"2275","log10Dref",2.25781471505844
"2276","zT",29.743382056721
"2277","zRH",337.687737231283
"2278","log10Dref",2.56941517755297
"2279","zT",27.8523807528053
"2280","zRH",135.872781780967
"2281","log10Dref",2.33992036121926
"2282","zT",29.5214125024896
"2283","zRH",339.777078573516
"2284","log10Dref",2.22864391517756
"2285","zT",30.0496434777548
"2286","zRH",283.57305395768
"2287","log10Dref",2.42675593392236
"2288","zT",28.8712273608307
"2289","zRH",193.657948414005
"2290","log10Dref",2.24000196831127
"2291","zT",29.8683428322987
"2292","zRH",357.946068108789
"2293","log10Dref",2.39309750283266
"2294","zT",28.7197454657549
"2295","zRH",207.755010176579
"2296","log10Dref",2.26340540953153
"2297","zT",29.8666730147066
"2298","zRH",209.596391594594
"2299","log10Dref",2.4085219067507
"2300","zT",28.864458536557
"2301","zRH",160.825796764911
"2302","log10Dref",2.4517086460776
"2303","zT",28.0679141460186
"2304","zRH",309.066213001914
"2305","log10Dref",2.31599416242816
"2306","zT",28.7554821218208
"2307","zRH",195.163926567345
"2308","log10Dref",2.4045893928395
"2309","zT",28.7575529862404
"2310","zRH",355.363408288657
"2311","log10Dref",2.3263822355497
"2312","zT",30.0320180812653
"2313","zRH",240.231545000506
"2314","log10Dref",2.37951881602393
"2315","zT",28.2385953319213
"2316","zRH",421.946807476964
"2317","log10Dref",2.17188479967426
"2318","zT",29.2550120447194
"2319","zRH",400.791109381412
"2320","log10Dref",2.26022135257215
"2321","zT",29.3497190985901
"2322","zRH",326.391959869832
"2323","log10Dref",2.39925278694409
"2324","zT",28.7380640945522
"2325","zRH",196.192568768886
"2326","log10Dref",2.28438884985059
"2327","zT",29.5392886094953
"2328","zRH",362.803530429218
"2329","log10Dref",2.28432127883478
"2330","zT",29.5918406494351
"2331","zRH",375.134037043914
"2332","log10Dref",2.52146849236521
"2333","zT",28.4082052337611
"2334","zRH",200.900930848312
"2335","log10Dref",2.31827332777231
"2336","zT",29.2095140903209
"2337","zRH",273.978673142059
"2338","log10Dref",2.27229608468128
"2339","zT",29.8848589945377
"2340","zRH",315.851640739479
"2341","log10Dref",2.48547172359407
"2342","zT",28.2089551630023
"2343","zRH",147.497210689798
"2344","log10Dref",2.51528946886586
"2345","zT",28.368855944895
"2346","zRH",163.335469582999
"2347","log10Dref",2.28183042669384
"2348","zT",29.4485784694489
"2349","zRH",433.284695469326
"2350","log10Dref",2.50710164196243
"2351","zT",28.5616250291893
"2352","zRH",158.741866239213
"2353","log10Dref",2.31571827602898
"2354","zT",29.4047096465018
"2355","zRH",220.579420299343
"2356","log10Dref",2.35407496287892
"2357","zT",28.7201461520202
"2358","zRH",201.869984790664
"2359","log10Dref",2.34195605797374
"2360","zT",28.5635260573467
"2361","zRH",295.270044983383
"2362","log10Dref",2.37674304656859
"2363","zT",29.0873372531589
"2364","zRH",275.676705917146
"2365","log10Dref",2.37665576928001
"2366","zT",28.7056327653128
"2367","zRH",343.272886042613
"2368","log10Dref",2.37186958378647
"2369","zT",28.3804469795346
"2370","zRH",245.292609858895
"2371","log10Dref",2.42407855593391
"2372","zT",28.5002891805041
"2373","zRH",191.205130879037
"2374","log10Dref",2.2480215547562
"2375","zT",28.8115218714354
"2376","zRH",674.336275865015
"2377","log10Dref",2.3320819446952
"2378","zT",28.5098660101574
"2379","zRH",325.646309700862
"2380","log10Dref",2.37307432745389
"2381","zT",29.6563825558316
"2382","zRH",181.569954053625
"2383","log10Dref",2.39532582279675
"2384","zT",29.3088586692489
"2385","zRH",268.204700021852
"2386","log10Dref",2.34710433930495
"2387","zT",29.247938490626
"2388","zRH",318.349867424526
"2389","log10Dref",2.3384936926623
"2390","zT",28.9657374586494
"2391","zRH",257.099000353681
"2392","log10Dref",2.41923939993862
"2393","zT",28.9471122331379
"2394","zRH",257.341654022573
"2395","log10Dref",2.49313536908929
"2396","zT",28.4331299379837
"2397","zRH",174.731539981368
"2398","log10Dref",2.35876277263466
"2399","zT",28.9701045846848
"2400","zRH",315.495989864271
"2401","log10Dref",2.23748905065209
"2402","zT",29.4639256187601
"2403","zRH",442.389220786272
"2404","log10Dref",2.47304185949009
"2405","zT",28.1087367651837
"2406","zRH",185.404934535064
"2407","log10Dref",2.29324062607014
"2408","zT",29.1850190520713
"2409","zRH",479.324298363152
"2410","log10Dref",2.1865967545607
"2411","zT",29.3775850906627
"2412","zRH",537.550981778385
"2413","log10Dref",2.4770095729218
"2414","zT",28.6628074727508
"2415","zRH",143.366180916176
"2416","log10Dref",2.29409242967189
"2417","zT",29.4732159136087
"2418","zRH",384.364938737021
"2419","log10Dref",2.36957331322565
"2420","zT",28.223478417467
"2421","zRH",268.737999957194
"2422","log10Dref",2.22761070480412
"2423","zT",29.9241172886638
"2424","zRH",333.601920479307
"2425","log10Dref",2.31415605626841
"2426","zT",30.1443638106958
"2427","zRH",244.180319116744
"2428","log10Dref",2.46938812070392
"2429","zT",27.9213091133908
"2430","zRH",232.71446896708
"2431","log10Dref",2.3951709046807
"2432","zT",27.9504853741237
"2433","zRH",383.504980159062
"2434","log10Dref",2.41758019057597
"2435","zT",29.267330107066
"2436","zRH",213.078073148744
"2437","log10Dref",2.35214202536164
"2438","zT",28.61995651465
"2439","zRH",276.108142756758
"2440","log10Dref",2.25954419149927
"2441","zT",29.3590281301849
"2442","zRH",273.210976149651
"2443","log10Dref",2.41239347991904
"2444","zT",28.903588898856
"2445","zRH",259.73763591762
"2446","log10Dref",2.23529207841512
"2447","zT",30.404782351135
"2448","zRH",288.932399003688
"2449","log10Dref",2.22690523903599
"2450","zT",29.299709883706
"2451","zRH",531.272293432931
"2452","log10Dref",2.35537629624301
"2453","zT",28.8284066060443
"2454","zRH",385.612068257967
"2455","log10Dref",2.39339100833423
"2456","zT",28.8556628741809
"2457","zRH",172.821775133021
"2458","log10Dref",2.37276370448004
"2459","zT",28.9708605018409
"2460","zRH",200.479886695158
"2461","log10Dref",2.36349715496666
"2462","zT",29.0405662885179
"2463","zRH",175.940198306403
"2464","log10Dref",2.49011689231536
"2465","zT",28.6663268913475
"2466","zRH",208.795573816507
"2467","log10Dref",2.30218505333691
"2468","zT",28.61870475259
"2469","zRH",330.132811663565
"2470","log10Dref",2.33859339177071
"2471","zT",28.7100332949448
"2472","zRH",261.148917178942
"2473","log10Dref",2.49956804454898
"2474","zT",28.6230843798497
"2475","zRH",167.190449021319
"2476","log10Dref",2.50649348313843
"2477","zT",28.248952072439
"2478","zRH",162.876137616869
"2479","log10Dref",2.24979776508202
"2480","zT",28.9667497259757
"2481","zRH",379.477581718627
"2482","log10Dref",2.29516004581276
"2483","zT",29.7032491024753
"2484","zRH",352.110391634874
"2485","log10Dref",2.41457759574864
"2486","zT",28.9585176013656
"2487","zRH",226.067482203558
"2488","log10Dref",2.3724954246831
"2489","zT",28.7360180909231
"2490","zRH",152.041049986433
"2491","log10Dref",2.46112500192212
"2492","zT",27.8866508155146
"2493","zRH",214.885247477643
"2494","log10Dref",2.25252766662546
"2495","zT",28.7244023456232
"2496","zRH",432.390485432345
"2497","log10Dref",2.34162426694551
"2498","zT",29.0212930833672
"2499","zRH",406.045105376473
"2500","log10Dref",2.41269868575648
"2501","zT",28.5288758389301
"2502","zRH",250.988939562008
"2503","log10Dref",2.35662495820802
"2504","zT",29.6598645245133
"2505","zRH",240.178140917024
"2506","log10Dref",2.37213263244356
"2507","zT",28.0589460767785
"2508","zRH",328.666634906031
"2509","log10Dref",2.40051361114609
"2510","zT",28.4613634985026
"2511","zRH",252.584255477005
"2512","log10Dref",2.38374209424762
"2513","zT",29.4171642268428
"2514","zRH",194.94730981152
"2515","log10Dref",2.36786405056989
"2516","zT",28.6227357585055
"2517","zRH",212.370217168671
"2518","log10Dref",2.32710810852899
"2519","zT",28.9386107535429
"2520","zRH",243.669545655537
"2521","log10Dref",2.30340992132405
"2522","zT",29.6275625971527
"2523","zRH",280.608164161049
"2524","log10Dref",2.41351522392236
"2525","zT",28.7046792853596
"2526","zRH",260.130232043361
"2527","log10Dref",2.38462673957931
"2528","zT",28.8819092893662
"2529","zRH",196.002855183996
"2530","log10Dref",2.42245819273661
"2531","zT",27.690482150385
"2532","zRH",303.316473498655
"2533","log10Dref",2.41574051955268
"2534","zT",28.58884580357
"2535","zRH",299.119382512317
"2536","log10Dref",2.27212675965892
"2537","zT",29.3072345267026
"2538","zRH",328.529999156308
"2539","log10Dref",2.39004105021632
"2540","zT",29.0340830613442
"2541","zRH",278.915726317493
"2542","log10Dref",2.42461712685112
"2543","zT",29.01509754519
"2544","zRH",211.112116697406
"2545","log10Dref",2.35757177630387
"2546","zT",28.7956973922156
"2547","zRH",327.103720892604
"2548","log10Dref",2.43261521886766
"2549","zT",29.113999743766
"2550","zRH",169.279276843986
"2551","log10Dref",2.49759690166956
"2552","zT",28.2901190911368
"2553","zRH",177.644719919848
"2554","log10Dref",2.27566779420637
"2555","zT",28.7698149832958
"2556","zRH",616.971630504911
"2557","log10Dref",2.51074361580665
"2558","zT",28.08265594904
"2559","zRH",173.573643709665
"2560","log10Dref",2.33361061877292
"2561","zT",29.9334132198846
"2562","zRH",231.057883491315
"2563","log10Dref",2.23737673866322
"2564","zT",29.5573044038248
"2565","zRH",409.802112452422
"2566","log10Dref",2.40219619762035
"2567","zT",28.6338851399648
"2568","zRH",227.348559976788
"2569","log10Dref",2.29448544626618
"2570","zT",29.8351352978832
"2571","zRH",267.204278639902
"2572","log10Dref",2.37785985898028
"2573","zT",29.0487886985466
"2574","zRH",161.407974966306
"2575","log10Dref",2.51661896390555
"2576","zT",27.8372971479778
"2577","zRH",139.780716826015
"2578","log10Dref",2.42779433293112
"2579","zT",28.7351067432996
"2580","zRH",210.485886364833
"2581","log10Dref",2.47118076440663
"2582","zT",28.4029404621306
"2583","zRH",171.243459301264
"2584","log10Dref",2.28336999554651
"2585","zT",28.7825973811351
"2586","zRH",452.216396927465
"2587","log10Dref",2.43312730038061
"2588","zT",28.1157081720876
"2589","zRH",206.049486703574
"2590","log10Dref",2.23579256257829
"2591","zT",29.563995844665
"2592","zRH",423.009422881773
"2593","log10Dref",2.37044714377102
"2594","zT",28.9468962987736
"2595","zRH",250.838809966442
"2596","log10Dref",2.29548793807849
"2597","zT",29.246127444374
"2598","zRH",240.654658267475
"2599","log10Dref",2.30392141024626
"2600","zT",29.124821807286
"2601","zRH",285.989377863011
"2602","log10Dref",2.45311636492867
"2603","zT",28.6246561985671
"2604","zRH",181.01462497366
"2605","log10Dref",2.31999614056824
"2606","zT",28.9835306912688
"2607","zRH",239.27099721705
"2608","log10Dref",2.3497623346628
"2609","zT",29.1483005991473
"2610","zRH",207.49522861059
"2611","log10Dref",2.51397756424465
"2612","zT",28.3108789896966
"2613","zRH",235.652734129321
"2614","log10Dref",2.49512869901726
"2615","zT",28.4680290844844
"2616","zRH",157.471516417239
"2617","log10Dref",2.25625135223025
"2618","zT",29.0888659251
"2619","zRH",550.156118855359
"2620","log10Dref",2.48946352724163
"2621","zT",28.6841505517635
"2622","zRH",220.014694237867
"2623","log10Dref",2.37106250561374
"2624","zT",28.5703717371263
"2625","zRH",182.94350456951
"2626","log10Dref",2.42212547051589
"2627","zT",27.9297271848333
"2628","zRH",345.494148034165
"2629","log10Dref",2.29329575747795
"2630","zT",29.3348132692883
"2631","zRH",278.179202237051
"2632","log10Dref",2.29345247337537
"2633","zT",29.3788860489351
"2634","zRH",417.729776374909
"2635","log10Dref",2.32151542634359
"2636","zT",29.555212880681
"2637","zRH",266.126280012901
"2638","log10Dref",2.34104859845186
"2639","zT",29.2887148589291
"2640","zRH",273.321560828639
"2641","log10Dref",2.3096205064515
"2642","zT",29.3445551832529
"2643","zRH",397.638207965571
"2644","log10Dref",2.43425765386102
"2645","zT",28.4409400280502
"2646","zRH",211.237206260628
"2647","log10Dref",2.46556668427857
"2648","zT",28.3868982237977
"2649","zRH",273.409715106322
"2650","log10Dref",2.19610638731536
"2651","zT",29.6393212070592
"2652","zRH",510.172210870693
"2653","log10Dref",2.46284272785372
"2654","zT",28.4610269518071
"2655","zRH",195.486599761651
"2656","log10Dref",2.5703186699607
"2657","zT",27.6022874629629
"2658","zRH",169.898842212577
"2659","log10Dref",2.26880930298427
"2660","zT",29.3986912084088
"2661","zRH",250.044561588653
"2662","log10Dref",2.33936697182574
"2663","zT",29.1112097875606
"2664","zRH",316.072796960216
"2665","log10Dref",2.40954117315768
"2666","zT",29.0303787694104
"2667","zRH",241.841259174808
"2668","log10Dref",2.42697968560761
"2669","zT",28.7022773683644
"2670","zRH",158.551656205957
"2671","log10Dref",2.41152836616217
"2672","zT",28.119138153422
"2673","zRH",205.215252256766
"2674","log10Dref",2.37588535721585
"2675","zT",28.4702458272594
"2676","zRH",188.842200281735
"2677","log10Dref",2.46528269439228
"2678","zT",28.8441675611971
"2679","zRH",179.198509865822
"2680","log10Dref",2.30801550715952
"2681","zT",29.5810457686754
"2682","zRH",364.820111088662
"2683","log10Dref",2.44988046467169
"2684","zT",27.9223554892624
"2685","zRH",181.313892295727
"2686","log10Dref",2.28142696545801
"2687","zT",29.2522342030336
"2688","zRH",283.645037097264
"2689","log10Dref",2.35128426007832
"2690","zT",29.513854692002
"2691","zRH",324.55222601816
"2692","log10Dref",2.35860178337056
"2693","zT",28.407711115128
"2694","zRH",280.564185499533
"2695","log10Dref",2.38519999531636
"2696","zT",28.7054827395194
"2697","zRH",261.481601574865
"2698","log10Dref",2.39072598114016
"2699","zT",28.811728400012
"2700","zRH",270.106956763105
"2701","log10Dref",2.47043188534147
"2702","zT",28.5689187296139
"2703","zRH",196.739953474116
"2704","log10Dref",2.24925492490704
"2705","zT",29.5558418258152
"2706","zRH",373.852854574283
"2707","log10Dref",2.37822354048569
"2708","zT",29.0050245585634
"2709","zRH",264.697083933785
"2710","log10Dref",2.57749170661867
"2711","zT",28.3439691438915
"2712","zRH",142.806535160807
"2713","log10Dref",2.60277129867632
"2714","zT",28.291771901657
"2715","zRH",173.678820446869
"2716","log10Dref",2.18857657575083
"2717","zT",29.6562210041133
"2718","zRH",540.477779194107
"2719","log10Dref",2.27313112489619
"2720","zT",29.8092465155867
"2721","zRH",386.451762230834
"2722","log10Dref",2.334729523043
"2723","zT",28.4130531093044
"2724","zRH",490.769735951951
"2725","log10Dref",2.33026963570276
"2726","zT",28.1580232789346
"2727","zRH",255.33108868505
"2728","log10Dref",2.40987389742442
"2729","zT",28.8664214151313
"2730","zRH",180.362491228128
"2731","log10Dref",2.27719668817968
"2732","zT",29.649626838467
"2733","zRH",261.708226780649
"2734","log10Dref",2.41271853949023
"2735","zT",29.2118138932098
"2736","zRH",338.597183782748
"2737","log10Dref",2.37911600886969
"2738","zT",29.3485914069949
"2739","zRH",372.426708235383
"2740","log10Dref",2.38414931745298
"2741","zT",28.8970115401001
"2742","zRH",337.655207123262
"2743","log10Dref",2.30873000351591
"2744","zT",28.8423327347626
"2745","zRH",349.016795210313
"2746","log10Dref",2.47260132413825
"2747","zT",28.3907369258426
"2748","zRH",186.584559576302
"2749","log10Dref",2.50122120358616
"2750","zT",28.0936749998159
"2751","zRH",164.373172410482
"2752","log10Dref",2.39241770103086
"2753","zT",28.540600153842
"2754","zRH",261.849603028321
"2755","log10Dref",2.3459567589418
"2756","zT",28.8810766882449
"2757","zRH",280.024729966787
"2758","log10Dref",2.5007590638988
"2759","zT",28.2194425096796
"2760","zRH",222.724970470107
"2761","log10Dref",2.40209368614729
"2762","zT",29.1946251537755
"2763","zRH",228.91466505992
"2764","log10Dref",2.35495833030136
"2765","zT",28.7209127360061
"2766","zRH",276.84002157965
"2767","log10Dref",2.40713730818867
"2768","zT",28.6734763200819
"2769","zRH",178.334770087035
"2770","log10Dref",2.21365050429893
"2771","zT",29.6828914726551
"2772","zRH",346.486492429158
"2773","log10Dref",2.43372743375577
"2774","zT",28.854168172229
"2775","zRH",216.221460669238
"2776","log10Dref",2.34835363592766
"2777","zT",28.9245083868665
"2778","zRH",395.739005413963
"2779","log10Dref",2.34314398625439
"2780","zT",28.4650507289502
"2781","zRH",267.058173229355
"2782","log10Dref",2.37620924986358
"2783","zT",29.3050346705202
"2784","zRH",246.43433075159
"2785","log10Dref",2.36696080729239
"2786","zT",28.2360811264508
"2787","zRH",269.918589009808
"2788","log10Dref",2.48546297022915
"2789","zT",28.6402263402742
"2790","zRH",162.96398253622
"2791","log10Dref",2.31831902565443
"2792","zT",29.0156816673301
"2793","zRH",539.976945406227
"2794","log10Dref",2.325731532407
"2795","zT",28.797740228198
"2796","zRH",195.505738655141
"2797","log10Dref",2.30442745684569
"2798","zT",28.8134218710584
"2799","zRH",212.875763519546
"2800","log10Dref",2.36104053573243
"2801","zT",28.2800226619397
"2802","zRH",472.43401595007
"2803","log10Dref",2.35880850656515
"2804","zT",28.9207753608199
"2805","zRH",323.563730428214
"2806","log10Dref",2.47751285798921
"2807","zT",27.9604589042144
"2808","zRH",235.538290814114
"2809","log10Dref",2.42928588611369
"2810","zT",28.9759083793366
"2811","zRH",173.172182693305
"2812","log10Dref",2.39327302939865
"2813","zT",29.1298502525744
"2814","zRH",180.777566763087
"2815","log10Dref",2.34178085383909
"2816","zT",28.7580560216898
"2817","zRH",314.079063660339
"2818","log10Dref",2.31905703097615
"2819","zT",29.3782107979732
"2820","zRH",354.381651842059
"2821","log10Dref",2.30265051959208
"2822","zT",29.4681704475361
"2823","zRH",267.056552999315
"2824","log10Dref",2.38389889684105
"2825","zT",29.0320162202496
"2826","zRH",155.161861269348
"2827","log10Dref",2.28463870827443
"2828","zT",28.8767732120171
"2829","zRH",383.11655363515
"2830","log10Dref",2.30798893684419
"2831","zT",29.0242380852372
"2832","zRH",297.385474487133
"2833","log10Dref",2.21091217609963
"2834","zT",29.8144755080358
"2835","zRH",356.271404637661
"2836","log10Dref",2.29618417989636
"2837","zT",29.184249292531
"2838","zRH",239.26763181629
"2839","log10Dref",2.30859096711019
"2840","zT",29.5917753343589
"2841","zRH",400.014753982732
"2842","log10Dref",2.33705666378655
"2843","zT",28.7112491651623
"2844","zRH",496.064984680453
"2845","log10Dref",2.31072171567489
"2846","zT",28.9247620041689
"2847","zRH",325.569433934805
"2848","log10Dref",2.20694735054229
"2849","zT",30.0303374784831
"2850","zRH",648.70694223772
"2851","log10Dref",2.38806030349486
"2852","zT",28.5259283196479
"2853","zRH",259.374952744313
"2854","log10Dref",2.25862363645688
"2855","zT",29.1618206336809
"2856","zRH",379.357418590299
"2857","log10Dref",2.42557236207215
"2858","zT",28.5825167180348
"2859","zRH",241.622887158056
"2860","log10Dref",2.39475675836
"2861","zT",28.529427179663
"2862","zRH",229.387365525437
"2863","log10Dref",2.38076902849353
"2864","zT",28.9028235142294
"2865","zRH",233.354642842168
"2866","log10Dref",2.2777900843317
"2867","zT",30.0983382271941
"2868","zRH",236.48639781641
"2869","log10Dref",2.35684074881547
"2870","zT",28.6313569184016
"2871","zRH",456.818287959968
"2872","log10Dref",2.360921376217
"2873","zT",29.2964790833243
"2874","zRH",296.164236441718
"2875","log10Dref",2.30019219527054
"2876","zT",28.5079967029716
"2877","zRH",342.010309145619
"2878","log10Dref",2.49076447197252
"2879","zT",28.0211365593063
"2880","zRH",204.46581069963
"2881","log10Dref",2.32334042115114
"2882","zT",28.6941194459402
"2883","zRH",411.119578711488
"2884","log10Dref",2.28449239069571
"2885","zT",29.3873307206606
"2886","zRH",347.224877278202
"2887","log10Dref",2.38100908140302
"2888","zT",29.0442323571404
"2889","zRH",176.863876889886
"2890","log10Dref",2.41896079979004
"2891","zT",27.9205870151423
"2892","zRH",215.315225916191
"2893","log10Dref",2.3829895357145
"2894","zT",28.2416838687186
"2895","zRH",297.475089651738
"2896","log10Dref",2.16662072580674
"2897","zT",30.4465723517726
"2898","zRH",593.644466841621
"2899","log10Dref",2.38798924288451
"2900","zT",28.6486432489665
"2901","zRH",259.222083713499
"2902","log10Dref",2.48505834241824
"2903","zT",28.78783839678
"2904","zRH",150.640085979206
"2905","log10Dref",2.41785561434608
"2906","zT",28.206806514839
"2907","zRH",485.168094897619
"2908","log10Dref",2.56403511773046
"2909","zT",27.4594783542788
"2910","zRH",182.507963998555
"2911","log10Dref",2.38108194841562
"2912","zT",28.9527016891415
"2913","zRH",242.290553647703
"2914","log10Dref",2.42194167926846
"2915","zT",28.2390914950143
"2916","zRH",195.389522016405
"2917","log10Dref",2.46618988026935
"2918","zT",28.4742204221499
"2919","zRH",180.773407338077
"2920","log10Dref",2.46854911483573
"2921","zT",28.3845007396102
"2922","zRH",161.47621278971
"2923","log10Dref",2.56079074612241
"2924","zT",27.7048540515347
"2925","zRH",162.546575188545
"2926","log10Dref",2.2422691328541
"2927","zT",29.4389099620883
"2928","zRH",681.930459716817
"2929","log10Dref",2.30976817732703
"2930","zT",29.2219255636193
"2931","zRH",196.026689489513
"2932","log10Dref",2.38549506775223
"2933","zT",28.8954058357036
"2934","zRH",211.054865867693
"2935","log10Dref",2.33217215981208
"2936","zT",29.2702741168558
"2937","zRH",275.87071268346
"2938","log10Dref",2.31624810638613
"2939","zT",29.1166900687945
"2940","zRH",247.40387719649
"2941","log10Dref",2.37089261346148
"2942","zT",28.4303043212122
"2943","zRH",250.739192133243
"2944","log10Dref",2.29915290207011
"2945","zT",29.1468543592605
"2946","zRH",262.674073080455
"2947","log10Dref",2.33974203285301
"2948","zT",28.6785039954839
"2949","zRH",310.288343042335
"2950","log10Dref",2.41335110287641
"2951","zT",28.525446968701
"2952","zRH",212.436049887936
"2953","log10Dref",2.32035227129302
"2954","zT",28.9907954041663
"2955","zRH",315.678409234852
"2956","log10Dref",2.507123355396
"2957","zT",27.7184094076403
"2958","zRH",172.492240677244
"2959","log10Dref",2.38425719134487
"2960","zT",29.4473579833562
"2961","zRH",205.835722505688
"2962","log10Dref",2.4132424752656
"2963","zT",28.0438890813489
"2964","zRH",334.296981771567
"2965","log10Dref",2.48948084628346
"2966","zT",27.8764812524269
"2967","zRH",242.333715388072
"2968","log10Dref",2.29525466722544
"2969","zT",29.3223683237644
"2970","zRH",296.90837669272
"2971","log10Dref",2.29557874368218
"2972","zT",29.3353672126856
"2973","zRH",300.861634132682
"2974","log10Dref",2.27524488348285
"2975","zT",29.2554284360546
"2976","zRH",387.256756902084
"2977","log10Dref",2.33437950483549
"2978","zT",28.6681162505448
"2979","zRH",389.58725547551
"2980","log10Dref",2.54936220148192
"2981","zT",28.1036037259709
"2982","zRH",148.535678207516
"2983","log10Dref",2.42765661035262
"2984","zT",27.7154607134691
"2985","zRH",168.48155846012
"2986","log10Dref",2.1949166193775
"2987","zT",29.8485386736993
"2988","zRH",396.315081529165
"2989","log10Dref",2.37696905077793
"2990","zT",29.1559398888595
"2991","zRH",187.547380655075
"2992","log10Dref",2.3205023933497
"2993","zT",29.0715286874691
"2994","zRH",293.083215244831
"2995","log10Dref",2.36176115769569
"2996","zT",29.1317735698141
"2997","zRH",201.593472295237
"2998","log10Dref",2.47559776185209
"2999","zT",28.4761942649495
"3000","zRH",163.666662646897
